File,Test Month,State,District,District Code,Experience in Plumbing,Pre -Test,Post -Test, Which type of pipe is suitable for both hot and cold water?, How deep is the water seal in the P Trap? ,What is the purpose of a non-return valve (NRV)?,What is the minimum diameter of a soil pipe in a residential building?,A trap prevents foul gases from entering the building.,PEX pipes are commonly used in gas pipelines., The height of air pipe with water tank should be…….,What is the colour of CPVC SDR 11? ,What is the color of UPVC SCH 40 pipe?,Where are PVC connection pipes used?, Which type of pipe is suitable for both hot and cold water?, How deep is the water seal in the P Trap? ,What is the purpose of a non-return valve (NRV)?,What is the minimum diameter of a soil pipe in a residential building?,A trap prevents foul gases from entering the building.,PEX pipes are commonly used in gas pipelines., The height of air pipe with water tank should be…….,What is the colour of CPVC SDR 11? ,What is the color of UPVC SCH 40 pipe?,Where are PVC connection pipes used?,Grand total,Score
OD-AUG1_0050.jpg,August,Odisha,Balangir,2 ,1 to 3 Year,,Post -Test,D,,,,,,,,,,0,,,,,,,,,,0,0%
OD-AUG1_0051.jpg,August,Odisha,Balangir,2 ,,,Post -Test,,,,,B, A,,,,,,,,,0,0,,,,,0,0%
OD-AUG1_0058.jpg,August,Odisha,Balangir,2 ,,,Post -Test,,,D,,, A,,, A,,,,0,,,0,,,0,,0,0%
OD-AUG1_0064.jpg,August,Odisha,Balangir,2 ,,,Post -Test,,,,,,,,D,D,,,,,,,,,0,0,,0,0%
OD-AUG2_0008.jpg,August,Odisha,Balangir,2 ,1 to 3 Year,,Post -Test,,,,,,,,,,C,,,,,,,,,,0,0,0%
OD-AUG2_0033.jpg,August,Odisha,Balangir,2 ,,,Post -Test,,,,,B,,,,,,,,,,0,,,,,,0,0%
OD-AUG2_0051.jpg,August,Odisha,Balangir,2 ,3 to 5 Year,,Post -Test,,D,,,,,,,,,,0,,,,,,,,,0,0%
OD-AUG2_0054.jpg,August,Odisha,Balangir,2 ,,,Post -Test,,,,,B, A,,,,,,,,,0,0,,,,,0,0%
OD-AUG2_0102.jpg,August,Odisha,Balangir,2 ,More than 5 Years,,Post -Test,,,,,,,,,,C,,,,,,,,,,0,0,0%
OD-AUG2_0105.jpg,August,Odisha,Balangir,2 ,,,Post -Test,,,,,,,,,, A,,,,,,,,,,0,0,0%
OD-AUG2_0107.jpg,August,Odisha,Balangir,2 ,,,Post -Test,,,,,, A,,,,,,,,,,0,,,,,0,0%
OD-AUG2_0117.jpg,August,Odisha,Balangir,2 ,More than 5 Years,,Post -Test,,,,,B,,,,,,,,,,0,,,,,,0,0%
OD-AUG2_0161.jpg,August,Odisha,Bargarh,4 ,,,Post -Test,,,,,,,,,D,,,,,,,,,,0,,0,0%
OD-Jul1_0040.jpg,July,Odisha,Balangir,2 ,More than 5 Years,,Post -Test,,C,D,D,B, A,D,D,,,,0,0,0,0,0,0,0,,,0,0%
JH-Aug-1_0130.jpg,August,Jharkhand,Bokaro,31 ,3 to 5 Year,,Post -Test,B,D,,C,,,,,,,1,0,,0,,,,,,,1,10%
JH-Aug-1_0134.jpg,August,Jharkhand,Bokaro,31 ,,,Post -Test,,,A,,,,,,,,,,0,,,,,,,,0,0%
JH-Aug-1_0224.jpg,July,Jharkhand,Bokaro,31 ,,,Post -Test,A,,,C,,,,D,,,0,,,0,,,,0,,,0,0%
JH-Aug-1_0249.jpg,July,Jharkhand,Hazaribagh,41 ,1 to 3 Year,,Post -Test,B,C,A,,A,,,,,D,1,0,0,,1,,,,,1,3,30%
JH-Aug-1_0252.jpg,July,Jharkhand,Hazaribagh,41 ,1 to 3 Year,,Post -Test,,,,,,,,,B,,,,,,,,,,0,,0,0%
JH-Aug-1_0258.jpg,August,Jharkhand,Hazaribagh,41 ,,,Post -Test,B,A,,,A,,,,,,1,0,,,1,,,,,,2,20%
JH-Aug-1_0315.jpg,July,Jharkhand,Hazaribagh,41 ,More than 5 Years,,Post -Test,,,,A,,,C,,,,,,,0,,,0,,,,0,0%
JH-Aug-1_0442.jpg,August,Jharkhand,Giridih,38 ,,,Post -Test,B,,,C,,,,,,,1,,,0,,,,,,,1,10%
JH-Aug-1_0453.jpg,August,Jharkhand,Jamtara,42 ,,,Post -Test,,C,B,,A,,,,,,,0,0,,1,,,,,,1,10%
JH-Aug-1_0524.jpg,August,Jharkhand,Dhanbad,34 ,More than 5 Years,,Post -Test,B,,,,,,,B,B,D,1,,,,,,,0,0,1,2,20%
JH-Aug-1_0661.jpg,August,Jharkhand,Giridih,38 ,More than 5 Years,,Post -Test,,A,,,A,,,,,,,0,,,1,,,,,,1,10%
JH-Aug-1_0750.jpg,August,Jharkhand,Giridih,38 ,More than 5 Years,,Post -Test,,C,C,,,,,,,,,0,1,,,,,,,,1,10%
JH-Aug-1_0784.jpg,August,Jharkhand,Giridih,38 ,More than 5 Years,,Post -Test,B,,,,A,,,D,,,1,,,,1,,,0,,,2,20%
JH-Aug-1_0813.jpg,August,Jharkhand,Dhanbad,34 ,,,Post -Test,,,C,,,,,C,,D,,,1,,,,,0,,1,2,20%
JH-Aug-1_0908.jpg,August,Jharkhand,Dhanbad,34 ,,,Post -Test,,A,,,,,,,,,,0,,,,,,,,,0,0%
JH-Aug-1_0988.jpg,August,Jharkhand,Dhanbad,34 ,More than 5 Years,,Post -Test,B,D,B,,A,,,,,D,1,0,0,,1,,,,,1,3,30%
JH-Aug-2_0006.jpg,August,Jharkhand,Dhanbad,34 ,,,Post -Test,,,C,,,,,B,,,,,1,,,,,0,,,1,10%
JH-Aug-2_0023.jpg,August,Jharkhand,Giridih,38 ,More than 5 Years,,Post -Test,B,C,C,,A,,,,D,D,1,0,1,,1,,,,0,1,4,40%
OD-AUG1_0048.jpg,August,Odisha,Balangir,2 ,,,Post -Test,,,,,,,, A,B,,,,,,,,,1,0,,1,10%
OD-AUG1_0056.jpg,August,Odisha,Balangir,2 ,More than 5 Years,,Post -Test,,,,D, A,,,,,,,,,0,1,,,,,,1,10%
OD-AUG1_0057.jpg,August,Odisha,Balangir,2 ,,,Post -Test,B,,, A,,,,,,C,1,,,0,,,,,,0,1,10%
OD-AUG1_0060.jpg,August,Odisha,Balangir,2 ,,,Post -Test,,,,,,,,,C,,,,,,,,,,1,,1,10%
OD-AUG1_0065.jpg,August,Odisha,Balangir,2 ,,,Post -Test,,,,,,,,,C,,,,,,,,,,1,,1,10%
OD-AUG1_0066.jpg,August,Odisha,Balangir,2 ,,,Post -Test,,B,,,,, A,B, A,,,1,,,,,0,0,0,,1,10%
OD-AUG2_0024.jpg,August,Odisha,Balangir,2 ,,,Post -Test,,,,,,,,,,D,,,,,,,,,,1,1,10%
OD-AUG2_0060.jpg,August,Odisha,Balangir,2 ,,,Post -Test, A,,,, A,, A,,,,0,,,,1,,0,,,,1,10%
OD-AUG2_0063.jpg,August,Odisha,Balangir,2 ,,,Post -Test,,,D,, A,,,D,,,,,0,,1,,,0,,,1,10%
OD-AUG2_0068.jpg,August,Odisha,Balangir,2 ,,,Post -Test,B,,,,,,,,,,1,,,,,,,,,,1,10%
OD-AUG2_0070.jpg,August,Odisha,Balangir,2 ,,,Post -Test,,,B,,,B,,,,,,,0,,,1,,,,,1,10%
OD-AUG2_0075.jpg,August,Odisha,Balangir,2 ,,,Post -Test,,,,,,,,,,D,,,,,,,,,,1,1,10%
OD-AUG2_0077.jpg,August,Odisha,Balangir,2 ,,,Post -Test,,,,,,B,,,,,,,,,,1,,,,,1,10%
OD-AUG2_0097.jpg,August,Odisha,Balangir,2 ,,,Post -Test,,,C,,,,C,B,,,,,1,,,,0,0,,,1,10%
OD-AUG2_0104.jpg,August,Odisha,Balangir,2 ,,,Post -Test,B,,,,,,,,,,1,,,,,,,,,,1,10%
OD-AUG2_0145.jpg,August,Odisha,Balangir,2 ,,,Post -Test,,,,,,,,,,D,,,,,,,,,,1,1,10%
OD-AUG2_0160.jpg,August,Odisha,Bargarh,4 ,,,Post -Test,B,,,,,,,,,,1,,,,,,,,,,1,10%
OD-AUG2_0184.jpg,August,Odisha,Bargarh,4 ,More than 5 Years,,Post -Test,,B,,,,,,,,,,1,,,,,,,,,1,10%
OD-AUG2_0192.jpg,August,Odisha,Bargarh,4 ,More than 5 Years,,Post -Test,,,,,,B,,,,,,,,,,1,,,,,1,10%
OD-AUG2_0200.jpg,August,Odisha,Bargarh,4 ,More than 5 Years,,Post -Test,B,,,,,,,,,,1,,,,,,,,,,1,10%
OD-AUG4_0042.jpg,August,Odisha,Balasore,3 ,,,Post -Test,,,,,,,,,,D,,,,,,,,,,1,1,10%
OD-AUG4_0050.jpg,August,Odisha,Balasore,3 ,,,Post -Test,B,,,,,,,,,,1,,,,,,,,,,1,10%
OD-AUG4_0053.jpg,August,Odisha,Balasore,3 ,,,Post -Test,,,,,,,,,C,,,,,,,,,,1,,1,10%
OD-AUG4_0057.jpg,August,Odisha,Balasore,3 ,,,Post -Test,,,,,,,,,C,,,,,,,,,,1,,1,10%
OD-AUG4_0058.jpg,August,Odisha,Balasore,3 ,,,Post -Test,,,,,,,,,C,,,,,,,,,,1,,1,10%
OD-AUG5_0028.jpg,August,Odisha,Balasore,3 ,,,Post -Test,,C,C,,,,,,,,,0,1,,,,,,,,1,10%
OD-AUG5_0031.jpg,August,Odisha,Balasore,3 ,,,Post -Test,,,,B,,,,,,,,,,1,,,,,,,1,10%
OD-AUG5_0088.jpg,August,Odisha,Rayagada,26 ,,,Post -Test,,B,,,,, A,B,B,,,1,,,,,0,0,0,,1,10%
OD-AUG6_0003.jpg,August,Odisha,Rayagada,26 ,,,Post -Test,,B,,,,,,,,,,1,,,,,,,,,1,10%
OD-AUG6_0007.jpg,August,Odisha,Rayagada,26 ,,,Post -Test,B,,,,,,,,,,1,,,,,,,,,,1,10%
OD-AUG6_0015.jpg,August,Odisha,Rayagada,26 ,,,Post -Test,,,,B,,,,,,,,,,1,,,,,,,1,10%
OD-Jul1_0006.jpg,July,Odisha,Balangir,2,,,Post -Test,,,,, A,,,,,,,,,,1,,,,,,1,10%
OD-Jul2_0044.jpg,July,Odisha,Sambalpur,27,,,Post -Test,,,,,,,B,,,,,,,,,,1,,,,1,10%
JH-Aug-1_0034.jpg,July,Jharkhand,Giridih,38 ,More than 5 Years,,Post -Test,,,,B,,,,,,,,,,1,,,,,,,1,10%
JH-Aug-1_0044.jpg,August,Jharkhand,Giridih,38 ,,,Post -Test,B,,C,A,A,,B,,,D,1,,1,0,1,,1,,,1,5,50%
JH-Aug-1_0051.jpg,August,Jharkhand,Giridih,38 ,More than 5 Years,,Post -Test,,C,C,A,,,,,,,,0,1,0,,,,,,,1,10%
JH-Aug-1_0131.jpg,August,Jharkhand,Bokaro,31 ,,,Post -Test,,,,,,,,,C,,,,,,,,,,1,,1,10%
JH-Aug-1_0133.jpg,August,Jharkhand,Bokaro,31 ,,,Post -Test,B,D,,,A,,,,,,1,0,,,1,,,,,,2,20%
JH-Aug-1_0136.jpg,August,Jharkhand,Bokaro,31 ,More than 5 Years,,Post -Test,,,C,,,B,,,,D,,,1,,,1,,,,1,3,30%
JH-Aug-1_0180.jpg,August,Jharkhand,Dhanbad,34 ,More than 5 Years,,Post -Test,,,C,,,,B,,,,,,1,,,,1,,,,2,20%
JH-Aug-1_0193.jpg,August,Jharkhand,Dhanbad,34 ,More than 5 Years,,Post -Test,B,B,,,A,,B,,,,1,1,,,1,,1,,,,4,40%
JH-Aug-1_0207.jpg,July,Jharkhand,Hazaribagh,41 ,,,Post -Test,,,C,,,,,A,,,,,1,,,,,1,,,2,20%
JH-Aug-1_0208.jpg,July,Jharkhand,Hazaribagh,41 ,,,Post -Test,B,C,,B,A,,,,,,1,0,,1,1,,,,,,3,30%
JH-Aug-1_0213.jpg,July,Jharkhand,Hazaribagh,41 ,No experience,,Post -Test,,,C,A,,,,,B,D,,,1,0,,,,,0,1,2,20%
JH-Aug-1_0214.jpg,August,Jharkhand,Hazaribagh,41 ,3 to 5 Year,,Post -Test,B,C,,,A,,,,,,1,0,,,1,,,,,,2,20%
JH-Aug-1_0218.jpg,July,Jharkhand,Hazaribagh,41 ,No experience,,Post -Test,B,B,,,,,B,,,,1,1,,,,,1,,,,3,30%
JH-Aug-1_0229.jpg,July,Jharkhand,Hazaribagh,41 ,,,Post -Test,,,C,,A,,B,,B,D,,,1,,1,,1,,0,1,4,40%
JH-Aug-1_0264.jpg,July,Jharkhand,Hazaribagh,41 ,,,Post -Test,B,,,,,,B,,,,1,,,,,,1,,,,2,20%
JH-Aug-1_0296.jpg,July,Jharkhand,Hazaribagh,41 ,More than 5 Years,,Post -Test,B,C,B,C,,,,,,,1,0,0,0,,,,,,,1,10%
JH-Aug-1_0302.jpg,July,Jharkhand,Dhanbad,34 ,More than 5 Years,,Post -Test,B,,D,,A,,,,,,1,,0,,1,,,,,,2,20%
JH-Aug-1_0307.jpg,July,Jharkhand,Dhanbad,34 ,More than 5 Years,,Post -Test,B,,,,A,,B,,,,1,,,,1,,1,,,,3,30%
JH-Aug-1_0308.jpg,July,Jharkhand,Dhanbad,34 ,,,Post -Test,,,,,,,,,,D,,,,,,,,,,1,1,10%
JH-Aug-1_0310.jpg,July,Jharkhand,Dhanbad,34 ,3 to 5 Year,,Post -Test,,B,C,,,,,,,,,1,1,,,,,,,,2,20%
JH-Aug-1_0312.jpg,July,Jharkhand,Dhanbad,34 ,More than 5 Years,,Post -Test,B,,C,,A,,,,,,1,,1,,1,,,,,,3,30%
JH-Aug-1_0314.jpg,July,Jharkhand,Dhanbad,34 ,,,Post -Test,,,,,,,,A,,,,,,,,,,1,,,1,10%
JH-Aug-1_0318.jpg,July,Jharkhand,Hazaribagh,41 ,More than 5 Years,,Post -Test,,C,,C,A,,,,,A,,0,,0,1,,,,,0,1,10%
JH-Aug-1_0353.jpg,August,Jharkhand,Hazaribagh,41 ,More than 5 Years,,Post -Test,B,,C,,,,,,,,1,,1,,,,,,,,2,20%
JH-Aug-1_0354.jpg,July,Jharkhand,Hazaribagh,41 ,,,Post -Test,,,,,,,,,,D,,,,,,,,,,1,1,10%
JH-Aug-1_0364.jpg,July,Jharkhand,Hazaribagh,41 ,,,Post -Test,B,,,,,,,,C,,1,,,,,,,,1,,2,20%
JH-Aug-1_0426.jpg,August,Jharkhand,Giridih,38 ,,,Post -Test,,,,,,,B,,,,,,,,,,1,,,,1,10%
JH-Aug-1_0433.jpg,August,Jharkhand,Giridih,38 ,More than 5 Years,,Post -Test,,C,,,A,,B,,,D,,0,,,1,,1,,,1,3,30%
JH-Aug-1_0435.jpg,August,Jharkhand,Giridih,38 ,,,Post -Test,B,,,,,B,,,,,1,,,,,1,,,,,2,20%
JH-Aug-1_0444.jpg,August,Jharkhand,Giridih,38 ,,,Post -Test,A,,,B,,,,,,,0,,,1,,,,,,,1,10%
JH-Aug-1_0460.jpg,August,Jharkhand,Jamtara,42 ,,,Post -Test,B,C,,,A,,,,,,1,0,,,1,,,,,,2,20%
JH-Aug-1_0461.jpg,August,Jharkhand,Jamtara,42 ,,,Post -Test,,,C,,,,,,,,,,1,,,,,,,,1,10%
JH-Aug-1_0466.jpg,August,Jharkhand,Jamtara,42 ,,,Post -Test,B,,,,,,,,,D,1,,,,,,,,,1,2,20%
JH-Aug-1_0469.jpg,August,Jharkhand,Jamtara,42 ,,,Post -Test,B,,,,A,,,,,,1,,,,1,,,,,,2,20%
JH-Aug-1_0478.jpg,August,Jharkhand,Jamtara,42 ,,,Post -Test,B,,,,,,,,,,1,,,,,,,,,,1,10%
JH-Aug-1_0489.jpg,August,Jharkhand,Dhanbad,34 ,,,Post -Test,,C,,,,,,,,D,,0,,,,,,,,1,1,10%
JH-Aug-1_0493.jpg,August,Jharkhand,Dhanbad,34 ,,,Post -Test,B,,,,,,,,,,1,,,,,,,,,,1,10%
JH-Aug-1_0496.jpg,August,Jharkhand,Dhanbad,34 ,More than 5 Years,,Post -Test,B,,C,C,A,,,,,D,1,,1,0,1,,,,,1,4,40%
JH-Aug-1_0501.jpg,August,Jharkhand,Dhanbad,34 ,,,Post -Test,,C,,B,,,,,,,,0,,1,,,,,,,1,10%
JH-Aug-1_0506.jpg,August,Jharkhand,Dhanbad,34 ,,,Post -Test,B,,,,,,,,,,1,,,,,,,,,,1,10%
JH-Aug-1_0509.jpg,August,Jharkhand,Giridih,38 ,,,Post -Test,B,,,,,,,,,D,1,,,,,,,,,1,2,20%
JH-Aug-1_0511.jpg,August,Jharkhand,Dhanbad,34 ,1 to 3 Year,,Post -Test,B,,C,,,,,,,,1,,1,,,,,,,,2,20%
JH-Aug-1_0535.jpg,August,Jharkhand,Giridih,38 ,,,Post -Test,,,,,A,,,,C,,,,,,1,,,,1,,2,20%
JH-Aug-1_0539.jpg,August,Jharkhand,Dhanbad,34 ,,,Post -Test,,D,C,,,,,,,,,0,1,,,,,,,,1,10%
JH-Aug-1_0552.jpg,August,Jharkhand,Giridih,38 ,,,Post -Test,B,,,A,,,,,,D,1,,,0,,,,,,1,2,20%
JH-Aug-1_0559.jpg,August,Jharkhand,Jamtara,42 ,,,Post -Test,,,,,A,,,A,,,,,,,1,,,1,,,2,20%
JH-Aug-1_0560.jpg,August,Jharkhand,Dhanbad,34 ,,,Post -Test,B,,,,,,,,,,1,,,,,,,,,,1,10%
JH-Aug-1_0572.jpg,August,Jharkhand,Dhanbad,34 ,,,Post -Test,,,,,,B,,,,,,,,,,1,,,,,1,10%
JH-Aug-1_0593.jpg,August,Jharkhand,Jamtara,42 ,More than 5 Years,,Post -Test,,B,,C,,,,,,,,1,,0,,,,,,,1,10%
JH-Aug-1_0649.jpg,August,Jharkhand,Giridih,38 ,3 to 5 Year,,Post -Test,,A,,,A,,,,,D,,0,,,1,,,,,1,2,20%
JH-Aug-1_0655.jpg,August,Jharkhand,Giridih,38 ,,,Post -Test,B,,C,,,,,,,,1,,1,,,,,,,,2,20%
JH-Aug-1_0657.jpg,August,Jharkhand,Giridih,38 ,,,Post -Test,,,C,,,,,,,,,,1,,,,,,,,1,10%
JH-Aug-1_0723.jpg,August,Jharkhand,Giridih,38 ,More than 5 Years,,Post -Test,B,,,,A,B,,,,,1,,,,1,1,,,,,3,30%
JH-Aug-1_0727.jpg,August,Jharkhand,Giridih,38 ,More than 5 Years,,Post -Test,,C,C,,,,,,,,,0,1,,,,,,,,1,10%
JH-Aug-1_0737.jpg,August,Jharkhand,Giridih,38 ,,,Post -Test,B,,,,A,,,C,,D,1,,,,1,,,0,,1,3,30%
JH-Aug-1_0739.jpg,August,Jharkhand,Giridih,38 ,,,Post -Test,,B,B,,,,,,,,,1,0,,,,,,,,1,10%
JH-Aug-1_0748.jpg,August,Jharkhand,Giridih,38 ,More than 5 Years,,Post -Test,B,C,,,,,,,,,1,0,,,,,,,,,1,10%
JH-Aug-1_0751.jpg,August,Jharkhand,Giridih,38 ,More than 5 Years,,Post -Test,,,,,A,B,,,B,C,,,,,1,1,,,0,0,2,20%
JH-Aug-1_0755.jpg,August,Jharkhand,Giridih,38 ,More than 5 Years,,Post -Test,B,,C,,,A,C,,,,1,,1,,,0,0,,,,2,20%
JH-Aug-1_0769.jpg,August,Jharkhand,Giridih,38 ,,,Post -Test,B,,,,A,,,,,,1,,,,1,,,,,,2,20%
JH-Aug-1_0782.jpg,August,Jharkhand,Giridih,38 ,3 to 5 Year,,Post -Test,B,C,,,,,B,D,A,,1,0,,,,,1,0,0,,2,20%
JH-Aug-1_0785.jpg,August,Jharkhand,Giridih,38 ,,,Post -Test,,,,,,,B,,,D,,,,,,,1,,,1,2,20%
JH-Aug-1_0795.jpg,August,Jharkhand,Giridih,38 ,,,Post -Test,B,,,,A,,,,,,1,,,,1,,,,,,2,20%
JH-Aug-1_0833.jpg,August,Jharkhand,Giridih,38 ,,,Post -Test,,,C,,,,,,,,,,1,,,,,,,,1,10%
JH-Aug-1_0843.jpg,August,Jharkhand,Giridih,38 ,,,Post -Test,,B,,,A,,,,,,,1,,,1,,,,,,2,20%
JH-Aug-1_0851.jpg,August,Jharkhand,Dhanbad,34 ,More than 5 Years,,Post -Test,B,,,,A,,,,,,1,,,,1,,,,,,2,20%
JH-Aug-1_0854.jpg,August,Jharkhand,Dhanbad,34 ,,,Post -Test,B,,,,,,B,,,D,1,,,,,,1,,,1,3,30%
JH-Aug-1_0859.jpg,August,Jharkhand,Dhanbad,34 ,,,Post -Test,,,,,,B,,,,,,,,,,1,,,,,1,10%
JH-Aug-1_0876.jpg,August,Jharkhand,Dhanbad,34 ,,,Post -Test,,,,,,B,,,,,,,,,,1,,,,,1,10%
JH-Aug-1_0885.jpg,August,Jharkhand,Giridih,38 ,,,Post -Test,,B,,,,,,,,,,1,,,,,,,,,1,10%
JH-Aug-1_0907.jpg,August,Jharkhand,Dhanbad,34 ,,,Post -Test,B,,C,,A,,,,,,1,,1,,1,,,,,,3,30%
JH-Aug-1_0937.jpg,August,Jharkhand,Dhanbad,34 ,3 to 5 Year,,Post -Test,,,,,,,B,A,,,,,,,,,1,1,,,2,20%
JH-Aug-1_0941.jpg,August,Jharkhand,Giridih,38 ,More than 5 Years,,Post -Test,,,,A,,,,,B,D,,,,0,,,,,0,1,1,10%
JH-Aug-1_0947.jpg,August,Jharkhand,Dhanbad,34 ,,,Post -Test,,,,,A,,,,,D,,,,,1,,,,,1,2,20%
JH-Aug-1_0964.jpg,August,Jharkhand,Dhanbad,34 ,1 to 3 Year,,Post -Test,,,C,,,,,,,D,,,1,,,,,,,1,2,20%
JH-Aug-1_0975.jpg,August,Jharkhand,Dhanbad,34 ,,,Post -Test,,,,,,,B,C,D,C,,,,,,,1,0,0,0,1,10%
JH-Aug-2_0021.jpg,August,Jharkhand,Dhanbad,34 ,,,Post -Test,B,,,,,,,,A,A,1,,,,,,,,0,0,1,10%
OD-AUG1_0052.jpg,August,Odisha,Balangir,2 ,More than 5 Years,,Post -Test,B,,,B,,,,,,,1,,,1,,,,,,,2,20%
OD-AUG2_0022.jpg,August,Odisha,Balangir,2 ,,,Post -Test,,,,, A,,, A,,,,,,,1,,,1,,,2,20%
OD-AUG2_0059.jpg,August,Odisha,Balangir,2 ,,,Post -Test,B,B,,,,, A,B,D,,1,1,,,,,0,0,0,,2,20%
OD-AUG2_0064.jpg,August,Odisha,Balangir,2 ,3 to 5 Year,,Post -Test,,B, A,,,,,,,D,,1,0,,,,,,,1,2,20%
OD-AUG2_0071.jpg,August,Odisha,Balangir,2 ,,,Post -Test,B,,,, A,,D,,,,1,,,,1,,0,,,,2,20%
OD-AUG2_0074.jpg,August,Odisha,Balangir,2 ,,,Post -Test,B,D,,,,,,,C,,1,0,,,,,,,1,,2,20%
OD-AUG2_0082.jpg,August,Odisha,Balasore,3 ,,,Post -Test,D,B,C,,,,,,D,,0,1,1,,,,,,0,,2,20%
OD-AUG2_0086.jpg,August,Odisha,Balangir,2 ,More than 5 Years,,Post -Test,B,,,,,B,,,,,1,,,,,1,,,,,2,20%
OD-AUG2_0092.jpg,August,Odisha,Balangir,2 ,More than 5 Years,,Post -Test,, A,D,, A,,, A,,,,0,0,,1,,,1,,,2,20%
OD-AUG2_0101.jpg,August,Odisha,Balangir,2 ,1 to 3 Year,,Post -Test,,,, A, A,B,,,,,,,,0,1,1,,,,,2,20%
OD-AUG2_0120.jpg,August,Odisha,Balangir,2 ,More than 5 Years,,Post -Test,,,,B, A,,,,,,,,,1,1,,,,,,2,20%
OD-AUG2_0133.jpg,August,Odisha,Balangir,2 ,More than 5 Years,,Post -Test,,,,,B,,B, A,,,,,,,0,,1,1,,,2,20%
OD-AUG2_0139.jpg,August,Odisha,Balangir,2 ,,,Post -Test,,,,D,,B,, A,,,,,,0,,1,,1,,,2,20%
OD-AUG2_0166.jpg,August,Odisha,Bargarh,4 ,,,Post -Test,,B,,,,,B,,,,,1,,,,,1,,,,2,20%
OD-Aug3_0001.jpg,August,Odisha,Bargarh,4 ,,,Post -Test,B,,,, A,,,,,,1,,,,1,,,,,,2,20%
OD-Aug3_0004.jpg,August,Odisha,Bargarh,4 ,More than 5 Years,,Post -Test,,B,,B,,,,,,,,1,,1,,,,,,,2,20%
OD-AUG4_0047.jpg,August,Odisha,Balasore,3 ,3 to 5 Year,,Post -Test,B,B,,,,,,,,,1,1,,,,,,,,,2,20%
OD-AUG5_0003.jpg,August,Odisha,Balasore,3 ,More than 5 Years,,Post -Test,B,B,,,,,,,,,1,1,,,,,,,,,2,20%
OD-AUG5_0099.jpg,August,Odisha,Rayagada,26 ,More than 5 Years,,Post -Test,B,B,,,,,,,,,1,1,,,,,,,,,2,20%
OD-AUG6_0018.jpg,August,Odisha,Rayagada,26 ,3 to 5 Year,,Post -Test,B,,,,,,,,,D,1,,,,,,,,,1,2,20%
OD-AUG6_0019.jpg,August,Odisha,Balasore,3 ,1 to 3 Year,,Post -Test,,,,,,,,,C,D,,,,,,,,,1,1,2,20%
OD-Jul1_0001.jpg,July,Odisha,Balangir,2,,,Post -Test,,,,,,B,B,,,,,,,,,1,1,,,,2,20%
OD-Jul1_0028.jpg,July,Odisha,Balangir,2 ,,,Post -Test,,,C,,,,, A,,,,,1,,,,,1,,,2,20%
OD-Jul1_0036.jpg,July,Odisha,Balangir,2 ,More than 5 Years,,Post -Test,,B,C,,,,,,,,,1,1,,,,,,,,2,20%
OD-Jul2_0027.jpg,July,Odisha,Sambalpur,27,,,Post -Test,B,B,,,,,,,,,1,1,,,,,,,,,2,20%
OD-Jul2_0042.jpg,July,Odisha,Sambalpur,27,,,Post -Test,B,B,,,,,,,,,1,1,,,,,,,,,2,20%
OD-Jul2_0045.jpg,July,Odisha,Sambalpur,27,,,Post -Test,B,B,,,,,,,,,1,1,,,,,,,,,2,20%
OD-Jul2_0047.jpg,July,Odisha,Sambalpur,27,,,Post -Test,,,C,B,,,,,,,,,1,1,,,,,,,2,20%
OD-Jul2_0077.jpg,July,Odisha,Sambalpur,27,More than 5 Years,,Post -Test,,,,,,,, A,C,,,,,,,,,1,1,,2,20%
OD-Jul2_0088.jpg,July,Odisha,Sambalpur,27,1 to 3 Year,,Post -Test,,,,,,,, A,C,,,,,,,,,1,1,,2,20%
OD-Jul2_0097.jpg,July,Odisha,Sambalpur,27,1 to 3 Year,,Post -Test, A,B, A,C, A,,,,,,0,1,0,0,1,,,,,,2,20%
OD-Jul2_0189.jpg,July,Odisha,Balangir,2,1 to 3 Year,,Post -Test,B,,C,,B,,,,,,1,,1,,0,,,,,,2,20%
OD-Jul2_0237.jpg,July,Odisha,Sambalpur,27,1 to 3 Year,,Post -Test,B, A, A,B,B, A,C,B,B, A,1,0,0,1,0,0,0,0,0,0,2,20%
JH-Aug-1_0033.jpg,August,Jharkhand,Giridih,38 ,,,Post -Test,,B,,,,,,,C,,,1,,,,,,,1,,2,20%
JH-Aug-1_0049.jpg,August,Jharkhand,Giridih,38 ,More than 5 Years,,Post -Test,B,B,B,,A,,,D,C,,1,1,0,,1,,,0,1,,4,40%
JH-Aug-1_0053.jpg,August,Jharkhand,Giridih,38 ,More than 5 Years,,Post -Test,,,,B,,B,,,,C,,,,1,,1,,,,0,2,20%
JH-Aug-1_0056.jpg,July,Jharkhand,Giridih,38 ,More than 5 Years,,Post -Test,B,,,B,,,,,,,1,,,1,,,,,,,2,20%
JH-Aug-1_0074.jpg,July,Jharkhand,Bokaro,31 ,,,Post -Test,B,B,,A,,,,,B,,1,1,,0,,,,,0,,2,20%
JH-Aug-1_0107.jpg,July,Jharkhand,Bokaro,31 ,More than 5 Years,,Post -Test,,,,C,A,B,,,,,,,,0,1,1,,,,,2,20%
JH-Aug-1_0177.jpg,July,Jharkhand,Dhanbad,34 ,3 to 5 Year,,Post -Test,B,D,,C,,,,,C,D,1,0,,0,,,,,1,1,3,30%
JH-Aug-1_0186.jpg,August,Jharkhand,Dhanbad,34 ,,,Post -Test,B,,C,,,,,,,,1,,1,,,,,,,,2,20%
JH-Aug-1_0189.jpg,August,Jharkhand,Dhanbad,34 ,,,Post -Test,B,A,C,B,,,,,,,1,0,1,1,,,,,,,3,30%
JH-Aug-1_0209.jpg,July,Jharkhand,Hazaribagh,41 ,More than 5 Years,,Post -Test,,D,C,A,A,B,,,,,,0,1,0,1,1,,,,,3,30%
JH-Aug-1_0260.jpg,July,Jharkhand,Hazaribagh,41 ,More than 5 Years,,Post -Test,B,,,,,,B,,,,1,,,,,,1,,,,2,20%
JH-Aug-1_0261.jpg,August,Jharkhand,Hazaribagh,41 ,3 to 5 Year,,Post -Test,B,,,,A,,,,C,D,1,,,,1,,,,1,1,4,40%
JH-Aug-1_0298.jpg,July,Jharkhand,Dhanbad,34 ,More than 5 Years,,Post -Test,,B,,B,,,,,,,,1,,1,,,,,,,2,20%
JH-Aug-1_0404.jpg,August,Jharkhand,Giridih,38 ,,,Post -Test,B,,C,A,A,,,A,B,,1,,1,0,1,,,1,0,,4,40%
JH-Aug-1_0418.jpg,August,Jharkhand,Giridih,38 ,,,Post -Test,,B,,,,,B,,,,,1,,,,,1,,,,2,20%
JH-Aug-1_0434.jpg,August,Jharkhand,Giridih,38 ,,,Post -Test,B,,,,A,,B,D,,,1,,,,1,,1,0,,,3,30%
JH-Aug-1_0446.jpg,August,Jharkhand,Jamtara,42 ,,,Post -Test,,,,,,B,C,,,D,,,,,,1,0,,,1,2,20%
JH-Aug-1_0474.jpg,August,Jharkhand,Dhanbad,34 ,,,Post -Test,B,C,C,,A,,,,,,1,0,1,,1,,,,,,3,30%
JH-Aug-1_0475.jpg,August,Jharkhand,Jamtara,42 ,,,Post -Test,B,B,,,,,,,,D,1,1,,,,,,,,1,3,30%
JH-Aug-1_0482.jpg,August,Jharkhand,Jamtara,42 ,3 to 5 Year,,Post -Test,,B,,,,,,,C,,,1,,,,,,,1,,2,20%
JH-Aug-1_0486.jpg,August,Jharkhand,Dhanbad,34 ,,,Post -Test,B,,,,A,,B,,,,1,,,,1,,1,,,,3,30%
JH-Aug-1_0500.jpg,August,Jharkhand,Dhanbad,34 ,,,Post -Test,,B,,,,,,A,,,,1,,,,,,1,,,2,20%
JH-Aug-1_0512.jpg,August,Jharkhand,Dhanbad,34 ,More than 5 Years,,Post -Test,,,,B,A,,,A,,,,,,1,1,,,1,,,3,30%
JH-Aug-1_0556.jpg,August,Jharkhand,Dhanbad,34 ,,,Post -Test,B,,,,,,B,,C,B,1,,,,,,1,,1,0,3,30%
JH-Aug-1_0563.jpg,August,Jharkhand,Dhanbad,34 ,,,Post -Test,,,C,C,,,,,C,,,,1,0,,,,,1,,2,20%
JH-Aug-1_0586.jpg,August,Jharkhand,Jamtara,42 ,,,Post -Test,B,B,,,A,,,,,,1,1,,,1,,,,,,3,30%
JH-Aug-1_0597.jpg,August,Jharkhand,Jamtara,42 ,,,Post -Test,B,C,C,,,,,,,D,1,0,1,,,,,,,1,3,30%
JH-Aug-1_0646.jpg,August,Jharkhand,Giridih,38 ,More than 5 Years,,Post -Test,,,,,,,B,A,,,,,,,,,1,1,,,2,20%
JH-Aug-1_0725.jpg,August,Jharkhand,Giridih,38 ,,,Post -Test,,,,A,A,B,,,,,,,,0,1,1,,,,,2,20%
JH-Aug-1_0729.jpg,August,Jharkhand,Giridih,38 ,,,Post -Test,B,A,C,C,,,B,,,,1,0,1,0,,,1,,,,3,30%
JH-Aug-1_0732.jpg,August,Jharkhand,Giridih,38 ,More than 5 Years,,Post -Test,B,B,,,,,,,,,1,1,,,,,,,,,2,20%
JH-Aug-1_0740.jpg,August,Jharkhand,Giridih,38 ,More than 5 Years,,Post -Test,B,,,A,,B,B,,,,1,,,0,,1,1,,,,3,30%
JH-Aug-1_0741.jpg,August,Jharkhand,Giridih,38 ,More than 5 Years,,Post -Test,B,B,,,,,,,,,1,1,,,,,,,,,2,20%
JH-Aug-1_0742.jpg,August,Jharkhand,Giridih,38 ,More than 5 Years,,Post -Test,B,B,C,,,,,,,,1,1,1,,,,,,,,3,30%
JH-Aug-1_0746.jpg,August,Jharkhand,Giridih,38 ,More than 5 Years,,Post -Test,B,C,,,A,,,,,D,1,0,,,1,,,,,1,3,30%
JH-Aug-1_0752.jpg,August,Jharkhand,Giridih,38 ,3 to 5 Year,,Post -Test,B,C,C,,,,B,,,,1,0,1,,,,1,,,,3,30%
JH-Aug-1_0768.jpg,August,Jharkhand,Giridih,38 ,,,Post -Test,B,,,,,,,,C,D,1,,,,,,,,1,1,3,30%
JH-Aug-1_0771.jpg,August,Jharkhand,Giridih,38 ,,,Post -Test,B,A,C,,A,,,,,,1,0,1,,1,,,,,,3,30%
JH-Aug-1_0835.jpg,August,Jharkhand,Giridih,38 ,,,Post -Test,B,,C,,,,B,,,,1,,1,,,,1,,,,3,30%
JH-Aug-1_0886.jpg,August,Jharkhand,Giridih,38 ,,,Post -Test,,B,,,,,,A,,D,,1,,,,,,1,,1,3,30%
JH-Aug-1_0901.jpg,August,Jharkhand,Dhanbad,34 ,,,Post -Test,B,C,C,,A,,,D,D,,1,0,1,,1,,,0,0,,3,30%
JH-Aug-1_0903.jpg,August,Jharkhand,Dhanbad,34 ,1 to 3 Year,,Post -Test,B,,,,,,B,,D,A,1,,,,,,1,,0,0,2,20%
JH-Aug-1_0936.jpg,August,Jharkhand,Dhanbad,34 ,3 to 5 Year,,Post -Test,B,,C,,A,,,,,,1,,1,,1,,,,,,3,30%
JH-Aug-1_0946.jpg,August,Jharkhand,Dhanbad,34 ,More than 5 Years,,Post -Test,,,,D,,B,,,C,,,,,0,,1,,,1,,2,20%
JH-Aug-1_0948.jpg,August,Jharkhand,Giridih,38 ,More than 5 Years,,Post -Test,,B,C,,,,,,,,,1,1,,,,,,,,2,20%
JH-Aug-1_0951.jpg,August,Jharkhand,Dhanbad,34 ,3 to 5 Year,,Post -Test,,,C,D,A,,,,,,,,1,0,1,,,,,,2,20%
JH-Aug-1_0976.jpg,August,Jharkhand,Dhanbad,34 ,,,Post -Test,,,C,,,,,,,D,,,1,,,,,,,1,2,20%
JH-Aug-2_0004.jpg,August,Jharkhand,Dhanbad,34 ,,,Post -Test,,,,,A,,B,A,,,,,,,1,,1,1,,,3,30%
JH-Aug-2_0009.jpg,August,Jharkhand,Dhanbad,34 ,More than 5 Years,,Post -Test,,,,,,B,B,,,D,,,,,,1,1,,,1,3,30%
JH-Aug-2_0010.jpg,August,Jharkhand,Dhanbad,34 ,More than 5 Years,,Post -Test,,,,,A,,B,A,,,,,,,1,,1,1,,,3,30%
JH-Aug-2_0015.jpg,August,Jharkhand,Dhanbad,34 ,More than 5 Years,,Post -Test,B,,,,,,,A,,,1,,,,,,,1,,,2,20%
JH-Aug-2_0020.jpg,August,Jharkhand,Giridih,38 ,,,Post -Test,,,C,,,,,B,C,,,,1,,,,,0,1,,2,20%
OD-AUG1_0030.jpg,August,Odisha,Balangir,2 ,3 to 5 Year,,Post -Test,,,C,, A,B,,,,,,,1,,1,1,,,,,3,30%
OD-AUG2_0014.jpg,August,Odisha,Balangir,2 ,More than 5 Years,,Post -Test,,B,C,B,,,,,,,,1,1,1,,,,,,,3,30%
OD-AUG2_0027.jpg,August,Odisha,Balangir,2 ,,,Post -Test,,,,,,,B, A,,D,,,,,,,1,1,,1,3,30%
OD-AUG2_0087.jpg,August,Odisha,Balangir,2 ,,,Post -Test,D,,,B, A,,B,,,,0,,,1,1,,1,,,,3,30%
OD-AUG2_0090.jpg,August,Odisha,Balangir,2 ,,,Post -Test,B,B,,,,,, A,,,1,1,,,,,,1,,,3,30%
OD-AUG2_0093.jpg,August,Odisha,Balangir,2 ,More than 5 Years,,Post -Test,,B,,,B,,B, A,,,,1,,,0,,1,1,,,3,30%
OD-AUG2_0098.jpg,August,Odisha,Balangir,2 ,,,Post -Test,,B,,B, A,,,,,,,1,,1,1,,,,,,3,30%
OD-AUG2_0106.jpg,August,Odisha,Balangir,2 ,More than 5 Years,,Post -Test,B,,,B, A,,,,,,1,,,1,1,,,,,,3,30%
OD-AUG2_0141.jpg,August,Odisha,Balangir,2 ,,,Post -Test,,,,, A,B,B,,,,,,,,1,1,1,,,,3,30%
OD-AUG2_0146.jpg,August,Odisha,Balangir,2 ,,,Post -Test,B,B,,, A, A,,,, A,1,1,,,1,0,,,,0,3,30%
OD-Aug3_0060.jpg,August,Odisha,Balasore,3 ,3 to 5 Year,,Post -Test,,B,C,B,,,,,,,,1,1,1,,,,,,,3,30%
OD-AUG4_0045.jpg,August,Odisha,Balasore,3 ,More than 5 Years,,Post -Test,,B,C,,,,B,,, A,,1,1,,,,1,,,0,3,30%
OD-AUG5_0090.jpg,August,Odisha,Rayagada,26 ,More than 5 Years,,Post -Test,,B,C,,,,,B,B,D,,1,1,,,,,0,0,1,3,30%
OD-AUG5_0096.jpg,August,Odisha,Rayagada,26 ,,,Post -Test,B,B,C,,,,,,,,1,1,1,,,,,,,,3,30%
OD-AUG5_0109.jpg,August,Odisha,Bargarh,4 ,3 to 5 Year,,Post -Test,B,B,C,,,,,B,,,1,1,1,,,,,0,,,3,30%
OD-AUG6_0005.jpg,August,Odisha,Rayagada,26 ,More than 5 Years,,Post -Test,,B,,,,,B,,C,,,1,,,,,1,,1,,3,30%
OD-Jul1_0017.jpg,July,Odisha,Balangir,2,More than 5 Years,,Post -Test,,B,,, A,,, A,,,,1,,,1,,,1,,,3,30%
OD-Jul1_0021.jpg,July,Odisha,Balangir,2,,,Post -Test,,,,B, A,,,,,D,,,,1,1,,,,,1,3,30%
OD-Jul1_0037.jpg,July,Odisha,Balangir,2,1 to 3 Year,,Post -Test,B,B,,,, A,D,,,D,1,1,,,,0,0,,,1,3,30%
OD-Jul2_0005.jpg,July,Odisha,Sambalpur,27,3 to 5 Year,,Post -Test,B,B,C,,,,,,,,1,1,1,,,,,,,,3,30%
OD-Jul2_0043.jpg,July,Odisha,Sambalpur,27,,,Post -Test,B,,,,,,,,C,D,1,,,,,,,,1,1,3,30%
OD-Jul2_0087.jpg,July,Odisha,Sambalpur,27,More than 5 Years,,Post -Test,,,,B,,,, A,C,,,,,1,,,,1,1,,3,30%
OD-Jul2_0107.jpg,July,Odisha,Sambalpur,27,3 to 5 Year,,Post -Test,B,B,C,,,,,,,,1,1,1,,,,,,,,3,30%
OD-Jul2_0158.jpg,July,Odisha,Balangir,2,More than 5 Years,,Post -Test,B,,,,,B,,,,D,1,,,,,1,,,,1,3,30%
OD-Jul2_0162.jpg,July,Odisha,Balangir,2 ,More than 5 Years,,Post -Test,,,C,,,,, A,,D,,,1,,,,,1,,1,3,30%
OD-Jul2_0188.jpg,July,Odisha,Balangir,2,More than 5 Years,,Post -Test,B,B,,,,B,,,,,1,1,,,,1,,,,,3,30%
JH-Aug-1_0035.jpg,August,Jharkhand,Giridih,38 ,1 to 3 Year,,Post -Test,,,,A,,B,B,,C,,,,,0,,1,1,,1,,3,30%
JH-Aug-1_0047.jpg,August,Jharkhand,Giridih,38 ,,,Post -Test,B,,,A,A,,,,,D,1,,,0,1,,,,,1,3,30%
JH-Aug-1_0174.jpg,August,Jharkhand,Dhanbad,34 ,More than 5 Years,,Post -Test,,B,C,,,,,A,B,,,1,1,,,,,1,0,,3,30%
JH-Aug-1_0202.jpg,July,Jharkhand,Hazaribagh,41 ,,,Post -Test,,B,C,B,A,,,,,,,1,1,1,1,,,,,,4,40%
JH-Aug-1_0204.jpg,July,Jharkhand,Dhanbad,34 ,,,Post -Test,B,B,C,,,,B,,,D,1,1,1,,,,1,,,1,5,50%
JH-Aug-1_0217.jpg,July,Jharkhand,Hazaribagh,41 ,More than 5 Years,,Post -Test,,,,B,,,,A,C,,,,,1,,,,1,1,,3,30%
JH-Aug-1_0245.jpg,July,Jharkhand,Hazaribagh,41 ,,,Post -Test,B,,,,A,B,,,,,1,,,,1,1,,,,,3,30%
JH-Aug-1_0253.jpg,July,Jharkhand,Hazaribagh,41 ,,,Post -Test,B,B,C,,,,B,,,,1,1,1,,,,1,,,,4,40%
JH-Aug-1_0301.jpg,July,Jharkhand,Dhanbad,34 ,More than 5 Years,,Post -Test,B,,C,C,A,,,,,,1,,1,0,1,,,,,,3,30%
JH-Aug-1_0401.jpg,August,Jharkhand,Giridih,38 ,,,Post -Test,,,,,,B,B,A,,,,,,,,1,1,1,,,3,30%
JH-Aug-1_0408.jpg,August,Jharkhand,Giridih,38 ,,,Post -Test,B,B,,,,B,,,,,1,1,,,,1,,,,,3,30%
JH-Aug-1_0454.jpg,August,Jharkhand,Jamtara,42 ,,,Post -Test,,D,B,A,A,B,C,A,B,C,,0,0,0,1,1,0,1,0,0,3,30%
JH-Aug-1_0462.jpg,August,Jharkhand,Jamtara,42 ,More than 5 Years,,Post -Test,,B,C,,,B,,,,,,1,1,,,1,,,,,3,30%
JH-Aug-1_0470.jpg,August,Jharkhand,Dhanbad,34 ,More than 5 Years,,Post -Test,B,,,,B,,B,,,D,1,,,,0,,1,,,1,3,30%
JH-Aug-1_0477.jpg,August,Jharkhand,Jamtara,42 ,,,Post -Test,B,A,C,B,,,,,,,1,0,1,1,,,,,,,3,30%
JH-Aug-1_0490.jpg,August,Jharkhand,Jamtara,42 ,3 to 5 Year,,Post -Test,B,,,,A,B,B,,,,1,,,,1,1,1,,,,4,40%
JH-Aug-1_0495.jpg,August,Jharkhand,Dhanbad,34 ,,,Post -Test,,,,B,,,B,A,,D,,,,1,,,1,1,,1,4,40%
JH-Aug-1_0508.jpg,August,Jharkhand,Dhanbad,34 ,,,Post -Test,,,,B,A,,B,,,,,,,1,1,,1,,,,3,30%
JH-Aug-1_0533.jpg,August,Jharkhand,Dhanbad,34 ,,,Post -Test,B,B,C,C,,,D,,D,B,1,1,1,0,,,0,,0,0,3,30%
JH-Aug-1_0537.jpg,August,Jharkhand,Dhanbad,34 ,,,Post -Test,,,C,,A,,B,B,B,,,,1,,1,,1,0,0,,3,30%
JH-Aug-1_0570.jpg,August,Jharkhand,Dhanbad,34 ,,,Post -Test,B,B,,,A,,,,,A,1,1,,,1,,,,,0,3,30%
JH-Aug-1_0577.jpg,August,Jharkhand,Jamtara,42 ,More than 5 Years,,Post -Test,,,,,A,,B,,,D,,,,,1,,1,,,1,3,30%
JH-Aug-1_0589.jpg,August,Jharkhand,Jamtara,42 ,,,Post -Test,,,,,,,B,A,B,D,,,,,,,1,1,0,1,3,30%
JH-Aug-1_0651.jpg,August,Jharkhand,Giridih,38 ,More than 5 Years,,Post -Test,B,B,C,,A,,,,,,1,1,1,,1,,,,,,4,40%
JH-Aug-1_0720.jpg,August,Jharkhand,Giridih,38 ,More than 5 Years,,Post -Test,,,,,A,B,,A,,D,,,,,1,1,,1,,1,4,40%
JH-Aug-1_0734.jpg,August,Jharkhand,Giridih,38 ,,,Post -Test,B,B,,,,,B,,,,1,1,,,,,1,,,,3,30%
JH-Aug-1_0749.jpg,August,Jharkhand,Giridih,38 ,More than 5 Years,,Post -Test,B,,,C,,B,B,,,D,1,,,0,,1,1,,,1,4,40%
JH-Aug-1_0759.jpg,August,Jharkhand,Giridih,38 ,More than 5 Years,,Post -Test,B,C,C,B,A,,,B,,,1,0,1,1,1,,,0,,,4,40%
JH-Aug-1_0766.jpg,August,Jharkhand,Giridih,38 ,,,Post -Test,B,,C,C,,,,A,,,1,,1,0,,,,1,,,3,30%
JH-Aug-1_0817.jpg,August,Jharkhand,Dhanbad,34 ,,,Post -Test,,,C,D,,,B,A,B,A,,,1,0,,,1,1,0,0,3,30%
JH-Aug-1_0821.jpg,August,Jharkhand,Dhanbad,34 ,,,Post -Test,B,,,A,A,,B,,,,1,,,0,1,,1,,,,3,30%
JH-Aug-1_0822.jpg,August,Jharkhand,Dhanbad,34 ,,,Post -Test,B,D,,C,,B,B,D,B,,1,0,,0,,1,1,0,0,,3,30%
JH-Aug-1_0834.jpg,August,Jharkhand,Giridih,38 ,More than 5 Years,,Post -Test,B,,,,,,B,,,D,1,,,,,,1,,,1,3,30%
JH-Aug-1_0838.jpg,August,Jharkhand,Giridih,38 ,,,Post -Test,B,B,,,A,,B,B,,,1,1,,,1,,1,0,,,4,40%
JH-Aug-1_0881.jpg,August,Jharkhand,Dhanbad,34 ,,,Post -Test,B,B,C,,,,B,,,,1,1,1,,,,1,,,,4,40%
JH-Aug-1_0897.jpg,August,Jharkhand,Dhanbad,34 ,,,Post -Test,B,C,C,C,,,B,D,,A,1,0,1,0,,,1,0,,0,3,30%
JH-Aug-1_0949.jpg,August,Jharkhand,Dhanbad,34 ,More than 5 Years,,Post -Test,,,,B,A,B,,,B,,,,,1,1,1,,,0,,3,30%
JH-Aug-1_0955.jpg,August,Jharkhand,Dhanbad,34 ,,,Post -Test,B,,,,,,B,,C,,1,,,,,,1,,1,,3,30%
JH-Aug-1_0959.jpg,August,Jharkhand,Dhanbad,34 ,More than 5 Years,,Post -Test,B,B,,,,,B,,,D,1,1,,,,,1,,,1,4,40%
JH-Aug-1_0985.jpg,August,Jharkhand,Dhanbad,34 ,More than 5 Years,,Post -Test,B,,C,,A,,B,B,,,1,,1,,1,,1,0,,,4,40%
JH-Aug-2_0002.jpg,August,Jharkhand,Dhanbad,34 ,,,Post -Test,,A,C,B,,,B,,,D,,0,1,1,,,1,,,1,4,40%
JH-Aug-2_0012.jpg,August,Jharkhand,Giridih,38 ,More than 5 Years,,Post -Test,B,,,,,,B,A,,,1,,,,,,1,1,,,3,30%
OD-AUG1_0038.jpg,August,Odisha,Balangir,2 ,1 to 3 Year,,Post -Test,B,,,B,B,B,, A,,C,1,,,1,0,1,,1,,0,4,40%
OD-AUG1_0046.jpg,August,Odisha,Balangir,2 ,More than 5 Years,,Post -Test,B,,,, A,B,B,,,,1,,,,1,1,1,,,,4,40%
OD-AUG2_0021.jpg,August,Odisha,Balangir,2 ,1 to 3 Year,,Post -Test, A,B,C,B, A,,,,,,0,1,1,1,1,,,,,,4,40%
OD-AUG2_0032.jpg,August,Odisha,Balangir,2 ,More than 5 Years,,Post -Test,B,B,D,B, A,,,,,,1,1,0,1,1,,,,,,4,40%
OD-AUG2_0065.jpg,August,Odisha,Balangir,2 ,,,Post -Test,B,,,, A,B,,,,D,1,,,,1,1,,,,1,4,40%
OD-AUG2_0083.jpg,August,Odisha,Balangir,2 ,More than 5 Years,,Post -Test,B,,D,B, A,,B,,,,1,,0,1,1,,1,,,,4,40%
OD-AUG2_0096.jpg,August,Odisha,Balangir,2 ,More than 5 Years,,Post -Test,B,,C,B,,,B,,, A,1,,1,1,,,1,,,0,4,40%
OD-AUG2_0129.jpg,August,Odisha,Balangir,2 ,More than 5 Years,,Post -Test,B,,D,, A,,, A,C,,1,,0,,1,,,1,1,,4,40%
OD-AUG2_0134.jpg,August,Odisha,Balangir,2 ,,,Post -Test,B,,C,B, A,,,,,,1,,1,1,1,,,,,,4,40%
OD-AUG2_0154.jpg,August,Odisha,Balangir,2 ,,,Post -Test,B,,D,D, A,B,D,D,,D,1,,0,0,1,1,0,0,,1,4,40%
OD-AUG2_0187.jpg,August,Odisha,Bargarh,4 ,3 to 5 Year,,Post -Test,B,,C,B, A,,,,,,1,,1,1,1,,,,,,4,40%
OD-AUG4_0006.jpg,August,Odisha,Balasore,3 ,,,Post -Test,B,B,C,, A,,,,,,1,1,1,,1,,,,,,4,40%
OD-AUG4_0007.jpg,August,Odisha,Balasore,3 ,1 to 3 Year,,Post -Test,B,,,,,,B, A,C, A,1,,,,,,1,1,1,0,4,40%
OD-AUG4_0054.jpg,August,Odisha,Balasore,3 ,More than 5 Years,,Post -Test,B,B,,, A,,, A, A,,1,1,,,1,,,1,0,,4,40%
OD-AUG5_0007.jpg,August,Odisha,Balasore,3 ,More than 5 Years,,Post -Test,B,B,C,B,,,,,,,1,1,1,1,,,,,,,4,40%
OD-AUG5_0029.jpg,August,Odisha,Balasore,3 ,,,Post -Test,B,B,,B,,,,,,D,1,1,,1,,,,,,1,4,40%
OD-AUG6_0001.jpg,August,Odisha,Rayagada,26 ,,,Post -Test,B,B,,,,,B, A,,,1,1,,,,,1,1,,,4,40%
OD-Jul1_0007.jpg,July,Odisha,Balangir,2 ,3 to 5 Year,,Post -Test,B,,,B,,B,B,,,,1,,,1,,1,1,,,,4,40%
OD-Jul1_0015.jpg,July,Odisha,Balangir,2,,,Post -Test,B,,C,B,,,, A,,,1,,1,1,,,,1,,,4,40%
OD-Jul1_0018.jpg,July,Odisha,Balangir,2 ,More than 5 Years,,Post -Test,,B,C,, A,,,,,D,,1,1,,1,,,,,1,4,40%
OD-Jul1_0034.jpg,July,Odisha,Balangir,2,Less than 1 Year,,Post -Test,B,B,C,B,,,,,,,1,1,1,1,,,,,,,4,40%
OD-Jul2_0078.jpg,July,Odisha,Sambalpur,27,,,Post -Test,,B,C,,,,, A,C,,,1,1,,,,,1,1,,4,40%
OD-Jul2_0081.jpg,July,Odisha,Sambalpur,27,More than 5 Years,,Post -Test,,,,B,,B,, A,C,,,,,1,,1,,1,1,,4,40%
OD-Jul2_0101.jpg,July,Odisha,Sambalpur,27,1 to 3 Year,,Post -Test,B,,C,B, A,,C,,,,1,,1,1,1,,0,,,,4,40%
OD-Jul2_0152.jpg,July,Odisha,Sambalpur,27,More than 5 Years,,Post -Test,,B,C,,, A,,,C,D,,1,1,,,0,,,1,1,4,40%
OD-Jul2_0154.jpg,July,Odisha,Sambalpur,27,,,Post -Test,,B,C, A, A,B,D,,,,,1,1,0,1,1,0,,,,4,40%
OD-Jul2_0157.jpg,July,Odisha,Sambalpur,27,1 to 3 Year,,Post -Test, A,,B,C, A,B,B,,B,D,0,,0,0,1,1,1,,0,1,4,40%
OD-Jul2_0165.jpg,July,Odisha,Balangir,2 ,More than 5 Years,,Post -Test,B,,C,,,B,,,C,,1,,1,,,1,,,1,,4,40%
OD-Jul2_0199.jpg,July,Odisha,Balangir,2,More than 5 Years,,Post -Test,B,,C,, A,,,,,D,1,,1,,1,,,,,1,4,40%
JH-Aug-1_0038.jpg,August,Jharkhand,Giridih,38 ,3 to 5 Year,,Post -Test,B,,C,B,,B,,A,,,1,,1,1,,1,,1,,,5,50%
JH-Aug-1_0042.jpg,August,Jharkhand,Giridih,38 ,More than 5 Years,,Post -Test,,,,B,,B,,A,,D,,,,1,,1,,1,,1,4,40%
JH-Aug-1_0046.jpg,August,Jharkhand,Giridih,38 ,3 to 5 Year,,Post -Test,B,C,C,A,A,B,,,,,1,0,1,0,1,1,,,,,4,40%
JH-Aug-1_0055.jpg,July,Jharkhand,Giridih,38 ,1 to 3 Year,,Post -Test,,B,,B,,A,C,C,C,D,,1,,1,,0,0,0,1,1,4,40%
JH-Aug-1_0098.jpg,August,Jharkhand,Bokaro,31 ,,,Post -Test,B,B,A,,A,B,B,D,,,1,1,0,,1,1,1,0,,,5,50%
JH-Aug-1_0135.jpg,August,Jharkhand,Bokaro,31 ,,,Post -Test,B,,C,,,B,B,,C,,1,,1,,,1,1,,1,,5,50%
JH-Aug-1_0173.jpg,July,Jharkhand,Dhanbad,34 ,More than 5 Years,,Post -Test,,,,,A,B,B,A,,,,,,,1,1,1,1,,,4,40%
JH-Aug-1_0195.jpg,August,Jharkhand,Giridih,38 ,,,Post -Test,B,B,C,,,,B,,B,D,1,1,1,,,,1,,0,1,5,50%
JH-Aug-1_0197.jpg,August,Jharkhand,Dhanbad,34 ,,,Post -Test,B,B,,A,,,B,A,,,1,1,,0,,,1,1,,,4,40%
JH-Aug-1_0200.jpg,July,Jharkhand,Dhanbad,34 ,,,Post -Test,,A,C,,A,B,B,B,,,,0,1,,1,1,1,0,,,4,40%
JH-Aug-1_0203.jpg,July,Jharkhand,Hazaribagh,41 ,,,Post -Test,B,,C,,A,,,,,D,1,,1,,1,,,,,1,4,40%
JH-Aug-1_0355.jpg,July,Jharkhand,Hazaribagh,41 ,,,Post -Test,B,,,,,,,A,C,D,1,,,,,,,1,1,1,4,40%
JH-Aug-1_0402.jpg,August,Jharkhand,Giridih,38 ,,,Post -Test,B,B,,,A,,B,,,,1,1,,,1,,1,,,,4,40%
JH-Aug-1_0405.jpg,August,Jharkhand,Giridih,38 ,,,Post -Test,,B,C,A,,,B,A,B,D,,1,1,0,,,1,1,0,1,5,50%
JH-Aug-1_0464.jpg,August,Jharkhand,Dhanbad,34 ,,,Post -Test,B,B,C,,,B,,B,,,1,1,1,,,1,,0,,,4,40%
JH-Aug-1_0468.jpg,August,Jharkhand,Dhanbad,34 ,,,Post -Test,,C,,,A,,B,A,C,D,,0,,,1,,1,1,1,1,5,50%
JH-Aug-1_0492.jpg,August,Jharkhand,Dhanbad,34 ,More than 5 Years,,Post -Test,,B,,A,,,B,A,C,,,1,,0,,,1,1,1,,4,40%
JH-Aug-1_0507.jpg,August,Jharkhand,Dhanbad,34 ,,,Post -Test,,,,A,,B,B,,C,D,,,,0,,1,1,,1,1,4,40%
JH-Aug-1_0538.jpg,August,Jharkhand,Dhanbad,34 ,,,Post -Test,,,C,,A,B,B,,,D,,,1,,1,1,1,,,1,5,50%
JH-Aug-1_0565.jpg,August,Jharkhand,Jamtara,42 ,,,Post -Test,,,C,B,A,B,B,,,,,,1,1,1,1,1,,,,5,50%
JH-Aug-1_0581.jpg,August,Jharkhand,Dhanbad,34 ,3 to 5 Year,,Post -Test,B,C,C,,,B,,,,D,1,0,1,,,1,,,,1,4,40%
JH-Aug-1_0647.jpg,August,Jharkhand,Giridih,38 ,,,Post -Test,,,,B,A,B,B,D,,,,,,1,1,1,1,0,,,4,40%
JH-Aug-1_0648.jpg,August,Jharkhand,Giridih,38 ,More than 5 Years,,Post -Test,B,C,C,B,A,,,B,,D,1,0,1,1,1,,,0,,1,5,50%
JH-Aug-1_0722.jpg,August,Jharkhand,Giridih,38 ,More than 5 Years,,Post -Test,B,B,C,C,,B,,,B,,1,1,1,0,,1,,,0,,4,40%
JH-Aug-1_0735.jpg,August,Jharkhand,Giridih,38 ,,,Post -Test,B,B,C,B,,,,,,,1,1,1,1,,,,,,,4,40%
JH-Aug-1_0745.jpg,August,Jharkhand,Giridih,38 ,More than 5 Years,,Post -Test,B,C,C,,A,B,B,C,C,C,1,0,1,,1,1,1,0,1,0,6,60%
JH-Aug-1_0747.jpg,August,Jharkhand,Giridih,38 ,More than 5 Years,,Post -Test,B,,,,,,,A,C,D,1,,,,,,,1,1,1,4,40%
JH-Aug-1_0753.jpg,August,Jharkhand,Giridih,38 ,,,Post -Test,B,C,C,C,A,B,,,,,1,0,1,0,1,1,,,,,4,40%
JH-Aug-1_0762.jpg,August,Jharkhand,Giridih,38 ,3 to 5 Year,,Post -Test,B,D,,B,,,,C,C,D,1,0,,1,,,,0,1,1,4,40%
JH-Aug-1_0767.jpg,August,Jharkhand,Giridih,38 ,,,Post -Test,B,A,,,A,,B,B,C,D,1,0,,,1,,1,0,1,1,5,50%
JH-Aug-1_0772.jpg,August,Jharkhand,Giridih,38 ,,,Post -Test,,,C,B,,,B,D,C,,,,1,1,,,1,0,1,,4,40%
JH-Aug-1_0820.jpg,August,Jharkhand,Dhanbad,34 ,More than 5 Years,,Post -Test,B,,C,,A,B,,,,,1,,1,,1,1,,,,,4,40%
JH-Aug-1_0862.jpg,August,Jharkhand,Dhanbad,34 ,,,Post -Test,,,C,D,A,B,B,,C,,,,1,0,1,1,1,,1,,5,50%
JH-Aug-1_0877.jpg,August,Jharkhand,Dhanbad,34 ,,,Post -Test,B,A,,,,B,B,,B,D,1,0,,,,1,1,,0,1,4,40%
JH-Aug-1_0900.jpg,August,Jharkhand,Dhanbad,34 ,,,Post -Test,B,C,C,C,A,B,,,,,1,0,1,0,1,1,,,,,4,40%
JH-Aug-1_0927.jpg,August,Jharkhand,Dhanbad,34 ,1 to 3 Year,,Post -Test,,,,,A,B,B,A,,,,,,,1,1,1,1,,,4,40%
JH-Aug-1_0950.jpg,August,Jharkhand,Giridih,38 ,,,Post -Test,B,D,C,C,A,B,,,,D,1,0,1,0,1,1,,,,1,5,50%
JH-Aug-1_0960.jpg,August,Jharkhand,Dhanbad,34 ,More than 5 Years,,Post -Test,,B,C,C,,,B,,C,,,1,1,0,,,1,,1,,4,40%
JH-Aug-1_0992.jpg,August,Jharkhand,Dhanbad,34 ,More than 5 Years,,Post -Test,,,C,,,B,B,D,B,D,,,1,,,1,1,0,0,1,4,40%
JH-Aug-2_0001.jpg,August,Jharkhand,Dhanbad,34 ,More than 5 Years,,Post -Test,,,,B,A,B,B,D,,,,,,1,1,1,1,0,,,4,40%
OD-AUG2_0020.jpg,August,Odisha,Balangir,2 ,3 to 5 Year,,Post -Test,B, A,C,,,,B,,C,D,1,0,1,,,,1,,1,1,5,50%
OD-AUG2_0029.jpg,August,Odisha,Balangir,2 ,1 to 3 Year,,Post -Test,B,B,D, A, A,B,, A,,,1,1,0,0,1,1,,1,,,5,50%
OD-AUG2_0084.jpg,August,Odisha,Balangir,2 ,,,Post -Test,B,B,C,B, A,,,,,,1,1,1,1,1,,,,,,5,50%
OD-AUG2_0121.jpg,August,Odisha,Balangir,2 ,,,Post -Test,,,,B,,,B, A,C,D,,,,1,,,1,1,1,1,5,50%
OD-AUG2_0126.jpg,August,Odisha,Balangir,2 ,1 to 3 Year,,Post -Test,B,B,,,,B,B, A,,,1,1,,,,1,1,1,,,5,50%
OD-AUG2_0140.jpg,August,Odisha,Balangir,2 ,More than 5 Years,,Post -Test,B,B,C,B,,,,,,D,1,1,1,1,,,,,,1,5,50%
OD-AUG4_0004.jpg,August,Odisha,Balasore,3 ,More than 5 Years,,Post -Test,B,B,C,, A,B,,,,,1,1,1,,1,1,,,,,5,50%
OD-AUG4_0009.jpg,August,Odisha,Balasore,3 ,More than 5 Years,,Post -Test,B,B,C,B,,,, A,,,1,1,1,1,,,,1,,,5,50%
OD-AUG5_0092.jpg,August,Odisha,Rayagada,26 ,3 to 5 Year,,Post -Test,,B,C,, A,B,B,,D,C,,1,1,,1,1,1,,0,0,5,50%
OD-AUG5_0108.jpg,August,Odisha,Bargarh,4 ,More than 5 Years,,Post -Test,B,B,C,B,,, A, A,,C,1,1,1,1,,,0,1,,0,5,50%
OD-AUG6_0020.jpg,August,Odisha,Bargarh,4 ,3 to 5 Year,,Post -Test,,B,C, A, A,B,, A,,,,1,1,0,1,1,,1,,,5,50%
OD-Jul1_0022.jpg,July,Odisha,Balangir,2,More than 5 Years,,Post -Test,B,,,B, A,B,, A,,,1,,,1,1,1,,1,,,5,50%
OD-Jul2_0079.jpg,July,Odisha,Sambalpur,27,3 to 5 Year,,Post -Test,,,,B,,,B, A,C,D,,,,1,,,1,1,1,1,5,50%
OD-Jul2_0086.jpg,July,Odisha,Sambalpur,27,More than 5 Years,,Post -Test,B,D,C,D, A,B,,,,D,1,0,1,0,1,1,,,,1,5,50%
OD-Jul2_0106.jpg,July,Odisha,Sambalpur,27,,,Post -Test,B,B,,D, A,B, A,,,D,1,1,,0,1,1,0,,,1,5,50%
OD-Jul2_0156.jpg,July,Odisha,Sambalpur,27,More than 5 Years,,Post -Test,,,C,B, A,,, A,B,D,,,1,1,1,,,1,0,1,5,50%
OD-Jul2_0163.jpg,July,Odisha,Balangir,2,More than 5 Years,,Post -Test,,B,,B, A,B,,,,D,,1,,1,1,1,,,,1,5,50%
OD-Jul2_0169.jpg,July,Odisha,Balangir,2 ,More than 5 Years,,Post -Test,B,,,, A,B,B,,,D,1,,,,1,1,1,,,1,5,50%
JH-Aug-1_0054.jpg,August,Jharkhand,Bokaro,31 ,,,Post -Test,B,B,,,,B,,B,C,D,1,1,,,,1,,0,1,1,5,50%
JH-Aug-1_0076.jpg,July,Jharkhand,Bokaro,31 ,,,Post -Test,B,C,C,,A,B,B,B,C,D,1,0,1,,1,1,1,0,1,1,7,70%
JH-Aug-1_0077.jpg,July,Jharkhand,Bokaro,31 ,More than 5 Years,,Post -Test,B,C,C,,A,A,,,C,D,1,0,1,,1,0,,,1,1,5,50%
JH-Aug-1_0128.jpg,August,Jharkhand,Bokaro,31 ,3 to 5 Year,,Post -Test,B,,C,C,A,,B,,,D,1,,1,0,1,,1,,,1,5,50%
JH-Aug-1_0176.jpg,August,Jharkhand,Dhanbad,34 ,,,Post -Test,B,B,,,A,,B,,C,,1,1,,,1,,1,,1,,5,50%
JH-Aug-1_0244.jpg,August,Jharkhand,Bokaro,31 ,More than 5 Years,,Post -Test,B,B,,,,,B,B,C,D,1,1,,,,,1,0,1,1,5,50%
JH-Aug-1_0265.jpg,July,Jharkhand,Hazaribagh,41 ,More than 5 Years,,Post -Test,B,B,C,B,A,,,,,,1,1,1,1,1,,,,,,5,50%
JH-Aug-1_0361.jpg,July,Jharkhand,Hazaribagh,41 ,More than 5 Years,,Post -Test,,,,B,A,B,B,A,C,,,,,1,1,1,1,1,1,,6,60%
JH-Aug-1_0413.jpg,August,Jharkhand,Giridih,38 ,,,Post -Test,B,B,C,B,A,,,,,D,1,1,1,1,1,,,,,1,6,60%
JH-Aug-1_0420.jpg,August,Jharkhand,Giridih,38 ,More than 5 Years,,Post -Test,B,B,,,,,,A,C,D,1,1,,,,,,1,1,1,5,50%
JH-Aug-1_0471.jpg,August,Jharkhand,Jamtara,42 ,,,Post -Test,B,B,C,B,A,,,,,,1,1,1,1,1,,,,,,5,50%
JH-Aug-1_0479.jpg,August,Jharkhand,Jamtara,42 ,,,Post -Test,B,D,,,A,B,B,A,B,,1,0,,,1,1,1,1,0,,5,50%
JH-Aug-1_0480.jpg,August,Jharkhand,Jamtara,42 ,,,Post -Test,B,,C,C,A,,B,A,B,D,1,,1,0,1,,1,1,0,1,6,60%
JH-Aug-1_0503.jpg,August,Jharkhand,Dhanbad,34 ,,,Post -Test,,B,C,A,A,B,B,,,,,1,1,0,1,1,1,,,,5,50%
JH-Aug-1_0505.jpg,August,Jharkhand,Dhanbad,34 ,,,Post -Test,B,B,C,A,A,,B,,,,1,1,1,0,1,,1,,,,5,50%
JH-Aug-1_0567.jpg,August,Jharkhand,Dhanbad,34 ,3 to 5 Year,,Post -Test,B,C,C,B,A,,,,,D,1,0,1,1,1,,,,,1,5,50%
JH-Aug-1_0576.jpg,August,Jharkhand,Jamtara,42 ,,,Post -Test,,A,C,B,A,B,,,,D,,0,1,1,1,1,,,,1,5,50%
JH-Aug-1_0650.jpg,August,Jharkhand,Giridih,38 ,More than 5 Years,,Post -Test,,B,C,,,,,A,C,D,,1,1,,,,,1,1,1,5,50%
JH-Aug-1_0718.jpg,August,Jharkhand,Giridih,38 ,,,Post -Test,B,B,C,,,,B,A,B,D,1,1,1,,,,1,1,0,1,6,60%
JH-Aug-1_0724.jpg,August,Jharkhand,Giridih,38 ,More than 5 Years,,Post -Test,B,C,C,C,A,,,A,D,D,1,0,1,0,1,,,1,0,1,5,50%
JH-Aug-1_0730.jpg,August,Jharkhand,Giridih,38 ,More than 5 Years,,Post -Test,B,B,C,,A,,B,,,,1,1,1,,1,,1,,,,5,50%
JH-Aug-1_0761.jpg,August,Jharkhand,Giridih,38 ,,,Post -Test,B,A,C,B,A,B,B,,,,1,0,1,1,1,1,1,,,,6,60%
JH-Aug-1_0763.jpg,August,Jharkhand,Giridih,38 ,More than 5 Years,,Post -Test,B,A,C,,A,B,B,,,,1,0,1,,1,1,1,,,,5,50%
JH-Aug-1_0765.jpg,August,Jharkhand,Giridih,38 ,More than 5 Years,,Post -Test,B,D,C,,,B,B,A,,C,1,0,1,,,1,1,1,,0,5,50%
JH-Aug-1_0779.jpg,August,Jharkhand,Giridih,38 ,,,Post -Test,B,,,C,A,B,B,D,,D,1,,,0,1,1,1,0,,1,5,50%
JH-Aug-1_0780.jpg,August,Jharkhand,Giridih,38 ,,,Post -Test,B,B,B,C,A,B,B,D,A,,1,1,0,0,1,1,1,0,0,,5,50%
JH-Aug-1_0794.jpg,August,Jharkhand,Giridih,38 ,,,Post -Test,B,,B,,A,B,B,,,D,1,,0,,1,1,1,,,1,5,50%
JH-Aug-1_0866.jpg,August,Jharkhand,Dhanbad,34 ,More than 5 Years,,Post -Test,,B,,,A,B,,A,B,D,,1,,,1,1,,1,0,1,5,50%
JH-Aug-1_0898.jpg,August,Jharkhand,Dhanbad,34 ,,,Post -Test,B,A,C,A,A,B,B,D,D,A,1,0,1,0,1,1,1,0,0,0,5,50%
JH-Aug-1_0928.jpg,August,Jharkhand,Dhanbad,34 ,,,Post -Test,B,,C,B,,,B,A,,,1,,1,1,,,1,1,,,5,50%
JH-Aug-1_0957.jpg,August,Jharkhand,Dhanbad,34 ,3 to 5 Year,,Post -Test,B,A,C,D,A,B,,,C,,1,0,1,0,1,1,,,1,,5,50%
JH-Aug-1_0961.jpg,August,Jharkhand,Giridih,38 ,More than 5 Years,,Post -Test,B,,,,A,B,B,,C,D,1,,,,1,1,1,,1,1,6,60%
JH-Aug-1_0963.jpg,August,Jharkhand,Dhanbad,34 ,More than 5 Years,,Post -Test,,,,D,A,B,B,A,C,,,,,0,1,1,1,1,1,,5,50%
JH-Aug-1_0979.jpg,August,Jharkhand,Dhanbad,34 ,,,Post -Test,B,B,C,D,A,,B,,,,1,1,1,0,1,,1,,,,5,50%
JH-Aug-1_0989.jpg,August,Jharkhand,Dhanbad,34 ,1 to 3 Year,,Post -Test,B,D,B,C,A,B,B,A,B,,1,0,0,0,1,1,1,1,0,,5,50%
JH-Aug-2_0018.jpg,August,Jharkhand,Dhanbad,34 ,More than 5 Years,,Post -Test,B,,,B,,B,,,C,D,1,,,1,,1,,,1,1,5,50%
OD-AUG1_0031.jpg,August,Odisha,Balangir,2 ,,,Post -Test,B,B,,B, A,B,B,,, A,1,1,,1,1,1,1,,,0,6,60%
OD-AUG1_0037.jpg,August,Odisha,Balangir,2 ,More than 5 Years,,Post -Test,B,B,C,B, A,B,,,,,1,1,1,1,1,1,,,,,6,60%
OD-AUG2_0019.jpg,August,Odisha,Balangir,2 ,More than 5 Years,,Post -Test,B,B,C,, A, A,D,B,C,D,1,1,1,,1,0,0,0,1,1,6,60%
OD-AUG2_0036.jpg,August,Odisha,Balangir,2 ,3 to 5 Year,,Post -Test,B,B,C,B,,,B,,,D,1,1,1,1,,,1,,,1,6,60%
OD-AUG2_0119.jpg,August,Odisha,Balangir,2 ,More than 5 Years,,Post -Test,B,,C,B,,B,B,,C,,1,,1,1,,1,1,,1,,6,60%
OD-AUG2_0124.jpg,August,Odisha,Balangir,2 ,More than 5 Years,,Post -Test,D,D,,B, A,B,, A,C,D,0,0,,1,1,1,,1,1,1,6,60%
OD-AUG2_0142.jpg,August,Odisha,Balangir,2 ,,,Post -Test,,,,, A,B,B, A,C,D,,,,,1,1,1,1,1,1,6,60%
OD-AUG5_0097.jpg,August,Odisha,Rayagada,26 ,,,Post -Test,B,,C,C, A,B,,,C,D,1,,1,0,1,1,,,1,1,6,60%
OD-AUG5_0102.jpg,August,Odisha,Bargarh,4 ,3 to 5 Year,,Post -Test,B,B,C,B, A,B,,,,,1,1,1,1,1,1,,,,,6,60%
OD-AUG5_0113.jpg,August,Odisha,Bargarh,4 ,3 to 5 Year,,Post -Test,B,B,C,, A,B,, A,B,,1,1,1,,1,1,,1,0,,6,60%
OD-Jul1_0030.jpg,July,Odisha,Balangir,2 ,1 to 3 Year,,Post -Test,,B,,B, A,B,, A,C,,,1,,1,1,1,,1,1,,6,60%
OD-Jul2_0062.jpg,July,Odisha,Sambalpur,27,,,Post -Test,,C,C,B,,B,, A,C,D,,0,1,1,,1,,1,1,1,6,60%
OD-Jul2_0089.jpg,July,Odisha,Sambalpur,27,3 to 5 Year,,Post -Test,B,C,C,B, A,B,B,,,,1,0,1,1,1,1,1,,,,6,60%
OD-Jul2_0093.jpg,July,Odisha,Sambalpur,27,3 to 5 Year,,Post -Test,B,,C,, A,,C, A,C,D,1,,1,,1,,0,1,1,1,6,60%
OD-Jul2_0111.jpg,July,Odisha,Sambalpur,27,More than 5 Years,,Post -Test,B,B, A,C, A,B,D,,C,D,1,1,0,0,1,1,0,,1,1,6,60%
OD-Jul2_0114.jpg,July,Odisha,Sambalpur,27,More than 5 Years,,Post -Test,B,B,D,B, A, A,C,D,C,D,1,1,0,1,1,0,0,0,1,1,6,60%
OD-Jul2_0115.jpg,July,Odisha,Sambalpur,27,More than 5 Years,,Post -Test,B,B,C,B, A,,,,,D,1,1,1,1,1,,,,,1,6,60%
OD-Jul2_0118.jpg,July,Odisha,Sambalpur,27,More than 5 Years,,Post -Test,B, A,C,B, A,B,C,,C,C,1,0,1,1,1,1,0,,1,0,6,60%
OD-Jul2_0120.jpg,July,Odisha,Sambalpur,27,3 to 5 Year,,Post -Test,B, A, A,C, A,B,B, A,C,B,1,0,0,0,1,1,1,1,1,0,6,60%
OD-Jul2_0150.jpg,July,Odisha,Sambalpur,27,1 to 3 Year,,Post -Test, A,B,D,B,B, A,B, A,C,D,0,1,0,1,0,0,1,1,1,1,6,60%
OD-Jul2_0151.jpg,July,Odisha,Sambalpur,27,,,Post -Test, A,,C,, A,B,B, A,C,,0,,1,,1,1,1,1,1,,6,60%
OD-Jul2_0155.jpg,July,Odisha,Sambalpur,27,1 to 3 Year,,Post -Test,B,B,D,B, A,,D, A,B,D,1,1,0,1,1,,0,1,0,1,6,60%
OD-Jul2_0160.jpg,July,Odisha,Balangir,2 ,1 to 3 Year,,Post -Test,,,,B, A,B,B,,C,D,,,,1,1,1,1,,1,1,6,60%
OD-Jul2_0175.jpg,July,Odisha,Balangir,2 ,3 to 5 Year,,Post -Test,,,C,B, A,B,B, A,,,,,1,1,1,1,1,1,,,6,60%
JH-Aug-1_0036.jpg,August,Jharkhand,Giridih,38 ,1 to 3 Year,,Post -Test,B,,C,A,A,B,B,B,C,D,1,,1,0,1,1,1,0,1,1,7,70%
JH-Aug-1_0057.jpg,August,Jharkhand,Bokaro,31 ,More than 5 Years,,Post -Test,B,C,C,,A,B,B,,B,D,1,0,1,,1,1,1,,0,1,6,60%
JH-Aug-1_0066.jpg,July,Jharkhand,Bokaro,31 ,,,Post -Test,B,B,C,,,B,C,A,B,D,1,1,1,,,1,0,1,0,1,6,60%
JH-Aug-1_0071.jpg,July,Jharkhand,Bokaro,31 ,More than 5 Years,,Post -Test,B,B,C,C,A,A,B,A,C,C,1,1,1,0,1,0,1,1,1,0,7,70%
JH-Aug-1_0072.jpg,July,Jharkhand,Bokaro,31 ,More than 5 Years,,Post -Test,B,B,C,,,B,B,B,C,D,1,1,1,,,1,1,0,1,1,7,70%
JH-Aug-1_0075.jpg,July,Jharkhand,Bokaro,31 ,,,Post -Test,,,C,,A,B,B,,C,D,,,1,,1,1,1,,1,1,6,60%
JH-Aug-1_0100.jpg,July,Jharkhand,Bokaro,31 ,,,Post -Test,B,C,C,D,A,B,B,D,D,D,1,0,1,0,1,1,1,0,0,1,6,60%
JH-Aug-1_0190.jpg,August,Jharkhand,Dhanbad,34 ,More than 5 Years,,Post -Test,B,,,D,A,B,B,A,C,D,1,,,0,1,1,1,1,1,1,7,70%
JH-Aug-1_0201.jpg,July,Jharkhand,Hazaribagh,41 ,No experience,,Post -Test,B,B,,B,,,B,A,B,D,1,1,,1,,,1,1,0,1,6,60%
JH-Aug-1_0246.jpg,July,Jharkhand,Hazaribagh,41 ,3 to 5 Year,,Post -Test,,B,C,,A,,B,A,B,D,,1,1,,1,,1,1,0,1,6,60%
JH-Aug-1_0247.jpg,August,Jharkhand,Hazaribagh,41 ,1 to 3 Year,,Post -Test,B,B,A,B,A,B,,D,B,D,1,1,0,1,1,1,,0,0,1,6,60%
JH-Aug-1_0299.jpg,July,Jharkhand,Dhanbad,34 ,1 to 3 Year,,Post -Test,B,,D,,A,B,B,A,B,D,1,,0,,1,1,1,1,0,1,6,60%
JH-Aug-1_0306.jpg,July,Jharkhand,Dhanbad,34 ,More than 5 Years,,Post -Test,B,B,C,C,,B,B,,B,D,1,1,1,0,,1,1,,0,1,6,60%
JH-Aug-1_0360.jpg,July,Jharkhand,Hazaribagh,41 ,More than 5 Years,,Post -Test,B,C,C,B,A,,,A,C,D,1,0,1,1,1,,,1,1,1,7,70%
JH-Aug-1_0432.jpg,August,Jharkhand,Giridih,38 ,1 to 3 Year,,Post -Test,B,,C,B,A,B,,,C,,1,,1,1,1,1,,,1,,6,60%
JH-Aug-1_0465.jpg,August,Jharkhand,Jamtara,42 ,,,Post -Test,B,C,,B,,B,B,A,C,D,1,0,,1,,1,1,1,1,1,7,70%
JH-Aug-1_0467.jpg,August,Jharkhand,Jamtara,42 ,More than 5 Years,,Post -Test,B,C,C,B,A,A,B,,,D,1,0,1,1,1,0,1,,,1,6,60%
JH-Aug-1_0491.jpg,August,Jharkhand,Jamtara,42 ,,,Post -Test,B,B,C,B,A,,,A,,,1,1,1,1,1,,,1,,,6,60%
JH-Aug-1_0494.jpg,August,Jharkhand,Giridih,38 ,More than 5 Years,,Post -Test,,,C,A,A,B,B,A,C,,,,1,0,1,1,1,1,1,,6,60%
JH-Aug-1_0510.jpg,August,Jharkhand,Giridih,38 ,3 to 5 Year,,Post -Test,B,,,C,A,B,B,,C,D,1,,,0,1,1,1,,1,1,6,60%
JH-Aug-1_0521.jpg,August,Jharkhand,Dhanbad,34 ,,,Post -Test,B,,,D,A,B,B,B,C,D,1,,,0,1,1,1,0,1,1,6,60%
JH-Aug-1_0527.jpg,August,Jharkhand,Dhanbad,34 ,More than 5 Years,,Post -Test,A,C,C,A,A,B,B,C,C,D,0,0,1,0,1,1,1,0,1,1,6,60%
JH-Aug-1_0754.jpg,August,Jharkhand,Giridih,38 ,More than 5 Years,,Post -Test,B,C,C,B,,,C,A,C,D,1,0,1,1,,,0,1,1,1,6,60%
JH-Aug-1_0757.jpg,August,Jharkhand,Giridih,38 ,3 to 5 Year,,Post -Test,B,B,C,B,A,,,,B,D,1,1,1,1,1,,,,0,1,6,60%
JH-Aug-1_0760.jpg,August,Jharkhand,Giridih,38 ,,,Post -Test,B,C,C,B,A,B,B,C,,,1,0,1,1,1,1,1,0,,,6,60%
JH-Aug-1_0815.jpg,August,Jharkhand,Dhanbad,34 ,More than 5 Years,,Post -Test,B,D,C,D,A,B,B,A,B,,1,0,1,0,1,1,1,1,0,,6,60%
JH-Aug-1_0816.jpg,August,Jharkhand,Dhanbad,34 ,More than 5 Years,,Post -Test,A,B,C,D,A,B,B,A,B,A,0,1,1,0,1,1,1,1,0,0,6,60%
JH-Aug-1_0895.jpg,August,Jharkhand,Dhanbad,34 ,,,Post -Test,,A,C,B,A,B,B,A,B,A,,0,1,1,1,1,1,1,0,0,6,60%
JH-Aug-1_0944.jpg,August,Jharkhand,Dhanbad,34 ,1 to 3 Year,,Post -Test,B,B,C,D,A,,,A,D,D,1,1,1,0,1,,,1,0,1,6,60%
JH-Aug-1_0958.jpg,August,Jharkhand,Dhanbad,34 ,More than 5 Years,,Post -Test,B,B,C,B,A,B,B,,B,D,1,1,1,1,1,1,1,,0,1,8,80%
JH-Aug-2_0005.jpg,August,Jharkhand,Giridih,38 ,,,Post -Test,B,B,,B,A,,B,,C,D,1,1,,1,1,,1,,1,1,7,70%
JH-Aug-2_0016.jpg,August,Jharkhand,Dhanbad,34 ,More than 5 Years,,Post -Test,B,B,,B,A,A,B,A,,A,1,1,,1,1,0,1,1,,0,6,60%
JH-Aug-2_0017.jpg,August,Jharkhand,Giridih,38 ,,,Post -Test,B,,C,B,A,B,B,,,,1,,1,1,1,1,1,,,,6,60%
OD-AUG1_0055.jpg,August,Odisha,Balangir,2 ,,,Post -Test,,B,C,B, A,B,B,C,C,,,1,1,1,1,1,1,0,1,,7,70%
OD-AUG1_0063.jpg,August,Odisha,Balangir,2 ,1 to 3 Year,,Post -Test,B,,,B, A,B,, A,C,D,1,,,1,1,1,,1,1,1,7,70%
OD-AUG2_0007.jpg,August,Odisha,Balangir,2 ,1 to 3 Year,,Post -Test,B,B,C,, A,B,B,,,D,1,1,1,,1,1,1,,,1,7,70%
OD-AUG2_0011.jpg,August,Odisha,Balangir,2 ,,,Post -Test,B,B,C,B, A,,B, A,B,,1,1,1,1,1,,1,1,0,,7,70%
OD-AUG2_0016.jpg,August,Odisha,Balangir,2 ,More than 5 Years,,Post -Test,B,B,C,,B, A,B, A,C,D,1,1,1,,0,0,1,1,1,1,7,70%
OD-AUG2_0017.jpg,August,Odisha,Balangir,2 ,More than 5 Years,,Post -Test,B,B,C,B, A,,, A,,D,1,1,1,1,1,,,1,,1,7,70%
OD-AUG2_0028.jpg,August,Odisha,Balangir,2 ,1 to 3 Year,,Post -Test,B,B,D, A, A,B,B, A,,D,1,1,0,0,1,1,1,1,,1,7,70%
OD-AUG2_0030.jpg,August,Odisha,Balangir,2 ,More than 5 Years,,Post -Test,B,,C,B, A,B,, A,C,,1,,1,1,1,1,,1,1,,7,70%
OD-AUG2_0122.jpg,August,Odisha,Balangir,2 ,More than 5 Years,,Post -Test,B,B,C,B, A,B,B,,,,1,1,1,1,1,1,1,,,,7,70%
OD-AUG4_0059.jpg,August,Odisha,Balasore,3 ,More than 5 Years,,Post -Test,,B,C,B, A,B,B, A,,,,1,1,1,1,1,1,1,,,7,70%
OD-AUG5_0091.jpg,August,Odisha,Rayagada,26 ,1 to 3 Year,,Post -Test,B,B,C,B,,B,B, A,,,1,1,1,1,,1,1,1,,,7,70%
OD-AUG5_0100.jpg,August,Odisha,Rayagada,26 ,More than 5 Years,,Post -Test,B,B,C,B,B, A,B, A,B,D,1,1,1,1,0,0,1,1,0,1,7,70%
OD-AUG5_0103.jpg,August,Odisha,Rayagada,26 ,1 to 3 Year,,Post -Test,B,B,C,B, A,B, A,B,,D,1,1,1,1,1,1,0,0,,1,7,70%
OD-AUG5_0110.jpg,August,Odisha,Bargarh,4 ,More than 5 Years,,Post -Test,B,B,C,, A,B,B, A,,,1,1,1,,1,1,1,1,,,7,70%
OD-AUG5_0112.jpg,August,Odisha,Bargarh,4 ,More than 5 Years,,Post -Test,B,B, A, A, A,B,B, A,C,,1,1,0,0,1,1,1,1,1,,7,70%
OD-AUG5_0148.jpg,August,Odisha,Rayagada,26 ,3 to 5 Year,,Post -Test,B,B,C,B, A, A, A,B,C,D,1,1,1,1,1,0,0,0,1,1,7,70%
OD-AUG5_0150.jpg,August,Odisha,Rayagada,26 ,More than 5 Years,,Post -Test,B,B,C,B,B, A,B, A,C,,1,1,1,1,0,0,1,1,1,,7,70%
OD-AUG5_0154.jpg,August,Odisha,Rayagada,26 ,More than 5 Years,,Post -Test,B,B,C,B, A, A,C,B,C,D,1,1,1,1,1,0,0,0,1,1,7,70%
OD-Jul1_0011.jpg,July,Odisha,Balangir,2,,,Post -Test,B,B,C,B, A,B,, A,,,1,1,1,1,1,1,,1,,,7,70%
OD-Jul1_0016.jpg,July,Odisha,Balangir,2 ,More than 5 Years,,Post -Test,B,B,C,B, A,,, A,C,,1,1,1,1,1,,,1,1,,7,70%
OD-Jul2_0003.jpg,July,Odisha,Sambalpur,27,1 to 3 Year,,Post -Test,,B,C,B,,B,, A,C,D,,1,1,1,,1,,1,1,1,7,70%
OD-Jul2_0076.jpg,July,Odisha,Sambalpur,27,,,Post -Test,B,,C,B,B,,B, A,C,D,1,,1,1,0,,1,1,1,1,7,70%
OD-Jul2_0092.jpg,July,Odisha,Sambalpur,27,3 to 5 Year,,Post -Test,B,B,C,,,,B, A,C,D,1,1,1,,,,1,1,1,1,7,70%
OD-Jul2_0095.jpg,July,Odisha,Sambalpur,27,,,Post -Test,B,B,C,,,,B, A,C,D,1,1,1,,,,1,1,1,1,7,70%
OD-Jul2_0096.jpg,July,Odisha,Sambalpur,27,1 to 3 Year,,Post -Test,B,B, A,C, A,B,C, A,C,D,1,1,0,0,1,1,0,1,1,1,7,70%
OD-Jul2_0099.jpg,July,Odisha,Sambalpur,27,1 to 3 Year,,Post -Test,B,B, A,B, A, A,C, A,C,D,1,1,0,1,1,0,0,1,1,1,7,70%
OD-Jul2_0104.jpg,July,Odisha,Sambalpur,27,,,Post -Test,B,B,C,B, A,,C, A,,D,1,1,1,1,1,,0,1,,1,7,70%
OD-Jul2_0112.jpg,July,Odisha,Sambalpur,27,More than 5 Years,,Post -Test,B,B,C,B, A,B,,C,,D,1,1,1,1,1,1,,0,,1,7,70%
OD-Jul2_0148.jpg,July,Odisha,Balangir,2 ,Less than 1 Year,,Post -Test,B,B,,B, A,B,, A,C,,1,1,,1,1,1,,1,1,,7,70%
OD-Jul2_0167.jpg,July,Odisha,Balangir,2,1 to 3 Year,,Post -Test,,B,C,B, A,,, A,C,D,,1,1,1,1,,,1,1,1,7,70%
JH-Aug-1_0061.jpg,July,Jharkhand,Bokaro,31 ,More than 5 Years,,Post -Test,B,C,C,C,A,B,B,A,C,C,1,0,1,0,1,1,1,1,1,0,7,70%
JH-Aug-1_0062.jpg,July,Jharkhand,Bokaro,31 ,More than 5 Years,,Post -Test,B,D,C,B,,B,B,A,D,D,1,0,1,1,,1,1,1,0,1,7,70%
JH-Aug-1_0063.jpg,July,Jharkhand,Bokaro,31 ,More than 5 Years,,Post -Test,B,B,C,C,A,A,B,B,C,D,1,1,1,0,1,0,1,0,1,1,7,70%
JH-Aug-1_0068.jpg,July,Jharkhand,Bokaro,31 ,More than 5 Years,,Post -Test,B,C,C,B,,B,B,C,C,D,1,0,1,1,,1,1,0,1,1,7,70%
JH-Aug-1_0070.jpg,July,Jharkhand,Giridih,38 ,More than 5 Years,,Post -Test,B,C,C,B,A,B,B,B,C,C,1,0,1,1,1,1,1,0,1,0,7,70%
JH-Aug-1_0078.jpg,July,Jharkhand,Bokaro,31 ,More than 5 Years,,Post -Test,B,D,C,B,A,A,B,A,B,D,1,0,1,1,1,0,1,1,0,1,7,70%
JH-Aug-1_0178.jpg,August,Jharkhand,Dhanbad,34 ,,,Post -Test,B,B,,,A,B,B,A,B,D,1,1,,,1,1,1,1,0,1,7,70%
JH-Aug-1_0206.jpg,July,Jharkhand,Hazaribagh,41 ,,,Post -Test,B,C,C,B,A,B,B,A,B,A,1,0,1,1,1,1,1,1,0,0,7,70%
JH-Aug-1_0211.jpg,July,Jharkhand,Dhanbad,34 ,More than 5 Years,,Post -Test,B,C,C,A,A,B,B,A,B,D,1,0,1,0,1,1,1,1,0,1,7,70%
JH-Aug-1_0216.jpg,July,Jharkhand,Hazaribagh,41 ,Less than 1 Year,,Post -Test,B,B,,,A,B,B,A,A,D,1,1,,,1,1,1,1,0,1,7,70%
JH-Aug-1_0219.jpg,July,Jharkhand,Hazaribagh,41 ,Less than 1 Year,,Post -Test,B,C,C,B,A,B,A,B,C,D,1,0,1,1,1,1,0,0,1,1,7,70%
JH-Aug-1_0254.jpg,August,Jharkhand,Hazaribagh,41 ,More than 5 Years,,Post -Test,B,A,C,C,A,B,B,A,B,D,1,0,1,0,1,1,1,1,0,1,7,70%
JH-Aug-1_0255.jpg,August,Jharkhand,Hazaribagh,41 ,More than 5 Years,,Post -Test,B,,C,B,A,B,,A,B,D,1,,1,1,1,1,,1,0,1,7,70%
JH-Aug-1_0257.jpg,July,Jharkhand,Hazaribagh,41 ,More than 5 Years,,Post -Test,B,B,,B,A,B,B,A,B,,1,1,,1,1,1,1,1,0,,7,70%
JH-Aug-1_0259.jpg,July,Jharkhand,Hazaribagh,41 ,More than 5 Years,,Post -Test,B,B,C,B,A,B,,A,B,,1,1,1,1,1,1,,1,0,,7,70%
JH-Aug-1_0300.jpg,July,Jharkhand,Dhanbad,34 ,More than 5 Years,,Post -Test,B,D,C,,A,B,B,A,,D,1,0,1,,1,1,1,1,,1,7,70%
JH-Aug-1_0303.jpg,July,Jharkhand,Dhanbad,34 ,1 to 3 Year,,Post -Test,B,D,C,,A,A,B,A,C,D,1,0,1,,1,0,1,1,1,1,7,70%
JH-Aug-1_0304.jpg,July,Jharkhand,Dhanbad,34 ,More than 5 Years,,Post -Test,,B,C,C,A,B,B,A,B,D,,1,1,0,1,1,1,1,0,1,7,70%
JH-Aug-1_0305.jpg,July,Jharkhand,Dhanbad,34 ,More than 5 Years,,Post -Test,B,B,,"C,D",A,B,B,A,B,D,1,1,,0,1,1,1,1,0,1,7,70%
JH-Aug-1_0359.jpg,July,Jharkhand,Hazaribagh,41 ,,,Post -Test,,B,C,A,A,B,B,B,C,D,,1,1,0,1,1,1,0,1,1,7,70%
JH-Aug-1_0362.jpg,July,Jharkhand,Hazaribagh,41 ,,,Post -Test,B,B,C,B,A,B,,D,D,D,1,1,1,1,1,1,,0,0,1,7,70%
JH-Aug-1_0365.jpg,July,Jharkhand,Ranchi,50 ,More than 5 Years,,Post -Test,B,B,C,B,A,B,,,,D,1,1,1,1,1,1,,,,1,7,70%
JH-Aug-1_0403.jpg,August,Jharkhand,Giridih,38 ,1 to 3 Year,,Post -Test,B,B,,C,A,B,B,A,B,D,1,1,,0,1,1,1,1,0,1,7,70%
JH-Aug-1_0463.jpg,August,Jharkhand,Jamtara,42 ,,,Post -Test,B,B,C,B,A,B,C,,C,,1,1,1,1,1,1,0,,1,,7,70%
JH-Aug-1_0484.jpg,August,Jharkhand,Jamtara,42 ,,,Post -Test,B,C,C,B,A,B,B,A,B,D,1,0,1,1,1,1,1,1,0,1,8,80%
JH-Aug-1_0488.jpg,August,Jharkhand,Giridih,38 ,,,Post -Test,B,,C,B,,B,B,A,C,,1,,1,1,,1,1,1,1,,7,70%
JH-Aug-1_0564.jpg,August,Jharkhand,Jamtara,42 ,More than 5 Years,,Post -Test,B,B,C,A,A,B,,A,C,D,1,1,1,0,1,1,,1,1,1,8,80%
JH-Aug-1_0719.jpg,August,Jharkhand,Giridih,38 ,,,Post -Test,B,B,,,A,B,B,A,B,D,1,1,,,1,1,1,1,0,1,7,70%
JH-Aug-1_0733.jpg,August,Jharkhand,Giridih,38 ,,,Post -Test,B,B,C,B,A,B,B,,,,1,1,1,1,1,1,1,,,,7,70%
JH-Aug-1_0758.jpg,August,Jharkhand,Giridih,38 ,More than 5 Years,,Post -Test,B,C,C,B,A,B,B,B,B,D,1,0,1,1,1,1,1,0,0,1,7,70%
JH-Aug-1_0797.jpg,August,Jharkhand,Giridih,38 ,More than 5 Years,,Post -Test,B,B,C,C,A,B,B,,,D,1,1,1,0,1,1,1,,,1,7,70%
JH-Aug-1_0994.jpg,August,Jharkhand,Dhanbad,34 ,More than 5 Years,,Post -Test,B,B,C,B,A,B,B,,C,,1,1,1,1,1,1,1,,1,,8,80%
JH-Aug-2_0014.jpg,August,Jharkhand,Giridih,38 ,,,Post -Test,B,,,B,A,B,B,A,,D,1,,,1,1,1,1,1,,1,7,70%
OD-AUG1_0026.jpg,August,Odisha,Balangir,2 ,More than 5 Years,,Post -Test,B,B,C,B,B, A,B, A,C,D,1,1,1,1,0,0,1,1,1,1,8,80%
OD-AUG1_0027.jpg,August,Odisha,Balangir,2 ,3 to 5 Year,,Post -Test,B,,C,B,,B,B, A,C,D,1,,1,1,,1,1,1,1,1,8,80%
OD-AUG1_0028.jpg,August,Odisha,Balangir,2 ,3 to 5 Year,,Post -Test,B,B,C,B, A,B,C,B,C,D,1,1,1,1,1,1,0,0,1,1,8,80%
OD-AUG2_0012.jpg,August,Odisha,Balangir,2 ,,,Post -Test,B,B,C,B, A,B,,B,C,D,1,1,1,1,1,1,,0,1,1,8,80%
OD-AUG2_0018.jpg,August,Odisha,Balangir,2 ,More than 5 Years,,Post -Test,B,B,C,B, A,B,, A,,D,1,1,1,1,1,1,,1,,1,8,80%
OD-AUG2_0035.jpg,August,Odisha,Balangir,2 ,3 to 5 Year,,Post -Test,, A,C,B, A,B,B, A,C,D,,0,1,1,1,1,1,1,1,1,8,80%
OD-AUG2_0094.jpg,August,Odisha,Balangir,2 ,More than 5 Years,,Post -Test, A,B,C,B, A,B,B, A,C,B,0,1,1,1,1,1,1,1,1,0,8,80%
OD-AUG4_0003.jpg,August,Odisha,Balasore,3 ,,,Post -Test,B,B,C,B, A,B,B, A, A,B,1,1,1,1,1,1,1,1,0,0,8,80%
OD-AUG4_0052.jpg,August,Odisha,Balasore,3 ,More than 5 Years,,Post -Test,B,B,C,B, A,B,B,,C,,1,1,1,1,1,1,1,,1,,8,80%
OD-AUG5_0001.jpg,August,Odisha,Balasore,3 ,,,Post -Test,,B,C,B, A,,B, A,C,D,,1,1,1,1,,1,1,1,1,8,80%
OD-AUG5_0006.jpg,August,Odisha,Balasore,3 ,,,Post -Test,B,B,C,B, A,B,B, A,B,,1,1,1,1,1,1,1,1,0,,8,80%
OD-AUG5_0094.jpg,August,Odisha,Rayagada,26 ,,,Post -Test,B,B,C,B,B, A,B, A,C,D,1,1,1,1,0,0,1,1,1,1,8,80%
OD-AUG5_0146.jpg,August,Odisha,Rayagada,26 ,3 to 5 Year,,Post -Test,B,B,C,B, A,B,B,C, A,D,1,1,1,1,1,1,1,0,0,1,8,80%
OD-AUG5_0155.jpg,August,Odisha,Rayagada,26 ,More than 5 Years,,Post -Test,B,B,C,B, A,B,B,B,B,D,1,1,1,1,1,1,1,0,0,1,8,80%
OD-AUG5_0158.jpg,August,Odisha,Rayagada,26 ,More than 5 Years,,Post -Test,B,B,C,B, A,B,, A,C,,1,1,1,1,1,1,,1,1,,8,80%
OD-Jul1_0013.jpg,July,Odisha,Balangir,2,More than 5 Years,,Post -Test,B,B,C,B,,B,B, A,C,,1,1,1,1,,1,1,1,1,,8,80%
OD-Jul1_0014.jpg,July,Odisha,Balangir,2 ,More than 5 Years,,Post -Test,B,,C,B, A,B,B, A,,D,1,,1,1,1,1,1,1,,1,8,80%
OD-Jul1_0023.jpg,July,Odisha,Balangir,2 ,1 to 3 Year,,Post -Test,B,B,C,B, A,B,B,,,D,1,1,1,1,1,1,1,,,1,8,80%
OD-Jul2_0004.jpg,July,Odisha,Sambalpur,27,More than 5 Years,,Post -Test,B,B,C,B,,B,B, A,C,,1,1,1,1,,1,1,1,1,,8,80%
OD-Jul2_0061.jpg,July,Odisha,Sambalpur,27,More than 5 Years,,Post -Test,,B,C,B, A,B,, A,C,D,,1,1,1,1,1,,1,1,1,8,80%
OD-Jul2_0071.jpg,July,Odisha,Sambalpur,27,More than 5 Years,,Post -Test,B,D,C,B, A,B,B, A,,D,1,0,1,1,1,1,1,1,,1,8,80%
OD-Jul2_0074.jpg,July,Odisha,Sambalpur,27,More than 5 Years,,Post -Test,B,B,C,B, A, A,C, A,C,D,1,1,1,1,1,0,0,1,1,1,8,80%
OD-Jul2_0075.jpg,July,Odisha,Sambalpur,27,More than 5 Years,,Post -Test,B,B,C,B,B, A,B, A,C,D,1,1,1,1,0,0,1,1,1,1,8,80%
OD-Jul2_0090.jpg,July,Odisha,Sambalpur,27,More than 5 Years,,Post -Test,B,B,C,D, A,B,B,B,C,D,1,1,1,0,1,1,1,0,1,1,8,80%
OD-Jul2_0091.jpg,July,Odisha,Sambalpur,27,More than 5 Years,,Post -Test,B,B,C,, A,B,B, A,,D,1,1,1,,1,1,1,1,,1,8,80%
OD-Jul2_0103.jpg,July,Odisha,Sambalpur,27,1 to 3 Year,,Post -Test, A,C,C,B, A,B,B, A,C,D,0,0,1,1,1,1,1,1,1,1,8,80%
OD-Jul2_0161.jpg,July,Odisha,Balangir,2,More than 5 Years,,Post -Test,B,B,C,B, A,B,,,C,D,1,1,1,1,1,1,,,1,1,8,80%
OD-Jul2_0172.jpg,July,Odisha,Balangir,2,,,Post -Test,B,B,C,,,B,B, A,C,D,1,1,1,,,1,1,1,1,1,8,80%
JH-Aug-1_0064.jpg,July,Jharkhand,Bokaro,31 ,,,Post -Test,B,B,C,B,A,B,C,C,C,D,1,1,1,1,1,1,0,0,1,1,8,80%
JH-Aug-1_0065.jpg,July,Jharkhand,Bokaro,31 ,More than 5 Years,,Post -Test,B,B,C,A,A,B,B,A,C,C,1,1,1,0,1,1,1,1,1,0,8,80%
JH-Aug-1_0067.jpg,July,Jharkhand,Bokaro,31 ,3 to 5 Year,,Post -Test,B,B,C,A,A,B,B,A,B,D,1,1,1,0,1,1,1,1,0,1,8,80%
JH-Aug-1_0069.jpg,July,Jharkhand,Bokaro,31 ,,,Post -Test,B,A,C,B,A,B,B,B,C,D,1,0,1,1,1,1,1,0,1,1,8,80%
JH-Aug-1_0191.jpg,August,Jharkhand,Dhanbad,34 ,More than 5 Years,,Post -Test,B,B,C,,A,B,B,A,B,D,1,1,1,,1,1,1,1,0,1,8,80%
JH-Aug-1_0212.jpg,August,Jharkhand,Dhanbad,34 ,More than 5 Years,,Post -Test,B,D,C,B,A,B,B,A,B,D,1,0,1,1,1,1,1,1,0,1,8,80%
JH-Aug-1_0240.jpg,July,Jharkhand,Hazaribagh,41 ,More than 5 Years,,Post -Test,B,C,C,B,A,B,B,A,C,D,1,0,1,1,1,1,1,1,1,1,9,90%
JH-Aug-1_0241.jpg,July,Jharkhand,Hazaribagh,41 ,,,Post -Test,B,B,B,A,A,B,B,A,C,D,1,1,0,0,1,1,1,1,1,1,8,80%
JH-Aug-1_0243.jpg,July,Jharkhand,Bokaro,31 ,,,Post -Test,B,,C,B,,B,B,A,C,D,1,,1,1,,1,1,1,1,1,8,80%
JH-Aug-1_0251.jpg,August,Jharkhand,Hazaribagh,41 ,1 to 3 Year,,Post -Test,B,,C,B,A,B,B,A,B,D,1,,1,1,1,1,1,1,0,1,8,80%
JH-Aug-1_0263.jpg,July,Jharkhand,Hazaribagh,41 ,No experience,,Post -Test,B,B,,,A,B,B,A,C,D,1,1,,,1,1,1,1,1,1,8,80%
JH-Aug-1_0290.jpg,July,Jharkhand,Dhanbad,34 ,3 to 5 Year,,Post -Test,B,B,D,B,A,B,B,A,B,D,1,1,0,1,1,1,1,1,0,1,8,80%
JH-Aug-1_0358.jpg,July,Jharkhand,Hazaribagh,41 ,,,Post -Test,B,B,C,C,A,B,B,B,C,D,1,1,1,0,1,1,1,0,1,1,8,80%
JH-Aug-1_0363.jpg,July,Jharkhand,Ranchi,50 ,,,Post -Test,B,B,C,A,A,B,B,A,D,D,1,1,1,0,1,1,1,1,0,1,8,80%
JH-Aug-1_0406.jpg,August,Jharkhand,Giridih,38 ,1 to 3 Year,,Post -Test,B,B,C,C,A,B,B,A,B,D,1,1,1,0,1,1,1,1,0,1,8,80%
JH-Aug-1_0417.jpg,August,Jharkhand,Giridih,38 ,,,Post -Test,B,B,C,B,A,,B,A,A,D,1,1,1,1,1,,1,1,0,1,8,80%
JH-Aug-1_0422.jpg,August,Jharkhand,Giridih,38 ,,,Post -Test,B,B,C,C,A,B,B,A,B,D,1,1,1,0,1,1,1,1,0,1,8,80%
JH-Aug-1_0430.jpg,August,Jharkhand,Giridih,38 ,1 to 3 Year,,Post -Test,B,B,A,B,A,B,B,A,A,D,1,1,0,1,1,1,1,1,0,1,8,80%
JH-Aug-1_0578.jpg,August,Jharkhand,Jamtara,42 ,More than 5 Years,,Post -Test,B,A,C,B,A,B,B,A,,D,1,0,1,1,1,1,1,1,,1,8,80%
JH-Aug-1_0579.jpg,August,Jharkhand,Jamtara,42 ,,,Post -Test,B,B,C,B,A,,B,B,C,D,1,1,1,1,1,,1,0,1,1,8,80%
JH-Aug-1_0580.jpg,August,Jharkhand,Jamtara,42 ,More than 5 Years,,Post -Test,B,B,C,B,A,B,B,B,C,,1,1,1,1,1,1,1,0,1,,8,80%
JH-Aug-1_0744.jpg,August,Jharkhand,Giridih,38 ,3 to 5 Year,,Post -Test,B,C,C,B,A,B,B,B,C,D,1,0,1,1,1,1,1,0,1,1,8,80%
JH-Aug-1_0842.jpg,August,Jharkhand,Giridih,38 ,More than 5 Years,,Post -Test,B,B,C,B,A,B,B,,,D,1,1,1,1,1,1,1,,,1,8,80%
JH-Aug-1_0962.jpg,August,Jharkhand,Dhanbad,34 ,More than 5 Years,,Post -Test,B,B,C,C,,B,B,A,C,D,1,1,1,0,,1,1,1,1,1,8,80%
JH-Aug-2_0019.jpg,August,Jharkhand,Giridih,38 ,More than 5 Years,,Post -Test,B,B,C,B,A,B,C,B,C,D,1,1,1,1,1,1,0,0,1,1,8,80%
OD-AUG1_0036.jpg,August,Odisha,Balangir,2 ,More than 5 Years,,Post -Test,B,B,C,B, A,B,B, A,C,C,1,1,1,1,1,1,1,1,1,0,9,90%
OD-AUG1_0039.jpg,August,Odisha,Balangir,2 ,1 to 3 Year,,Post -Test,B, A,C,B, A,B,B, A,C,D,1,0,1,1,1,1,1,1,1,1,9,90%
OD-AUG1_0040.jpg,August,Odisha,Balangir,2 ,1 to 3 Year,,Post -Test,B,B,,B, A,B,B, A,C,D,1,1,,1,1,1,1,1,1,1,9,90%
OD-AUG1_0049.jpg,August,Odisha,Balangir,2 ,,,Post -Test,B,B,C,B, A,B,B, A,B,D,1,1,1,1,1,1,1,1,0,1,9,90%
OD-AUG2_0015.jpg,August,Odisha,Balangir,2 ,3 to 5 Year,,Post -Test,B,B,C,B, A,B,B,C,C,D,1,1,1,1,1,1,1,0,1,1,9,90%
OD-AUG2_0025.jpg,August,Odisha,Balangir,2 ,3 to 5 Year,,Post -Test,B,C,C,B, A,B,B, A,C,D,1,0,1,1,1,1,1,1,1,1,9,90%
OD-AUG2_0026.jpg,August,Odisha,Balangir,2 ,1 to 3 Year,,Post -Test,B,B,C,B, A,B,B, A,C,,1,1,1,1,1,1,1,1,1,,9,90%
OD-AUG2_0034.jpg,August,Odisha,Balangir,2 ,1 to 3 Year,,Post -Test,B,B,C,B,,B,B, A,C,D,1,1,1,1,,1,1,1,1,1,9,90%
OD-AUG2_0103.jpg,August,Odisha,Balangir,2 ,3 to 5 Year,,Post -Test,,B,C,B, A,B,B, A,C,D,,1,1,1,1,1,1,1,1,1,9,90%
OD-AUG2_0123.jpg,August,Odisha,Balangir,2 ,3 to 5 Year,,Post -Test,B,B,D,B, A,B,B, A,C,D,1,1,0,1,1,1,1,1,1,1,9,90%
OD-AUG2_0127.jpg,August,Odisha,Balangir,2 ,More than 5 Years,,Post -Test,B,B,C,B, A,B,B, A,C,,1,1,1,1,1,1,1,1,1,,9,90%
OD-AUG2_0130.jpg,August,Odisha,Balangir,2 ,1 to 3 Year,,Post -Test,D,B,C,B, A,B,B, A,C,D,0,1,1,1,1,1,1,1,1,1,9,90%
OD-AUG4_0049.jpg,August,Odisha,Balasore,3 ,More than 5 Years,,Post -Test,B,B,C,B, A,B,B, A,B,D,1,1,1,1,1,1,1,1,0,1,9,90%
OD-AUG5_0004.jpg,August,Odisha,Balasore,3 ,More than 5 Years,,Post -Test,B,B,C,B, A,B,B, A,B,D,1,1,1,1,1,1,1,1,0,1,9,90%
OD-AUG5_0089.jpg,August,Odisha,Balangir,2 ,More than 5 Years,,Post -Test,B,B,C,B, A,B,B, A,B,D,1,1,1,1,1,1,1,1,0,1,9,90%
OD-AUG5_0098.jpg,August,Odisha,Rayagada,26 ,More than 5 Years,,Post -Test,B,B,C,B, A,B,B, A,C,,1,1,1,1,1,1,1,1,1,,9,90%
OD-AUG5_0147.jpg,August,Odisha,Rayagada,26 ,3 to 5 Year,,Post -Test,B,B,C,B, A,B,B,,C,D,1,1,1,1,1,1,1,,1,1,9,90%
OD-AUG5_0153.jpg,August,Odisha,Rayagada,26 ,More than 5 Years,,Post -Test,,B,C,B, A,B,B, A,C,D,,1,1,1,1,1,1,1,1,1,9,90%
OD-AUG5_0156.jpg,August,Odisha,Rayagada,26 ,More than 5 Years,,Post -Test,B,B,C,B, A,B,B,B,C,D,1,1,1,1,1,1,1,0,1,1,9,90%
OD-AUG5_0159.jpg,August,Odisha,Rayagada,26 ,3 to 5 Year,,Post -Test,B,,C,B, A,B,B, A,C,D,1,,1,1,1,1,1,1,1,1,9,90%
OD-Jul1_0002.jpg,July,Odisha,Balangir,2,More than 5 Years,,Post -Test,B,B,C,B, A,B,B, A,C,,1,1,1,1,1,1,1,1,1,,9,90%
OD-Jul1_0009.jpg,July,Odisha,Balangir,2 ,More than 5 Years,,Post -Test,B,,C,B, A,B,B, A,C,D,1,,1,1,1,1,1,1,1,1,9,90%
OD-Jul1_0019.jpg,July,Odisha,Balangir,2,More than 5 Years,,Post -Test,B,B,C,B, A,B,B, A,,D,1,1,1,1,1,1,1,1,,1,9,90%
OD-Jul1_0026.jpg,July,Odisha,Balangir,2 ,More than 5 Years,,Post -Test,B,B,C,B, A,B,, A,C,D,1,1,1,1,1,1,,1,1,1,9,90%
OD-Jul1_0033.jpg,July,Odisha,Balangir,2 ,Less than 1 Year,,Post -Test,B,B,C,, A,B,B, A,C,D,1,1,1,,1,1,1,1,1,1,9,90%
OD-Jul2_0050.jpg,July,Odisha,Sambalpur,27,More than 5 Years,,Post -Test,B,D,C,B, A,B,B, A,C,D,1,0,1,1,1,1,1,1,1,1,9,90%
OD-Jul2_0052.jpg,July,Odisha,Sambalpur,27,Less than 1 Year,,Post -Test,B,B,C,B, A, A,B, A,C,D,1,1,1,1,1,0,1,1,1,1,9,90%
OD-Jul2_0072.jpg,July,Odisha,Sambalpur,27,1 to 3 Year,,Post -Test,B,B,C,B, A,B,B,,C,D,1,1,1,1,1,1,1,,1,1,9,90%
OD-Jul2_0098.jpg,July,Odisha,Sambalpur,27,More than 5 Years,,Post -Test,B,B,C,B, A,B,, A,C,D,1,1,1,1,1,1,,1,1,1,9,90%
OD-Jul2_0110.jpg,July,Odisha,Sambalpur,27,,,Post -Test,B,B,C,B, A,,B, A,C,D,1,1,1,1,1,,1,1,1,1,9,90%
OD-Jul2_0121.jpg,July,Odisha,Balangir,2 ,More than 5 Years,,Post -Test,B, A,C,B, A,B,B, A,C,D,1,0,1,1,1,1,1,1,1,1,9,90%
OD-Jul2_0147.jpg,July,Odisha,Sambalpur,27,,,Post -Test,B,B,C,B, A,B,B,C,C,D,1,1,1,1,1,1,1,0,1,1,9,90%
OD-Jul2_0159.jpg,July,Odisha,Balangir,2 ,1 to 3 Year,,Post -Test,,B,C,B, A,B,B, A,C,D,,1,1,1,1,1,1,1,1,1,9,90%
OD-Jul2_0164.jpg,July,Odisha,Balangir,2,More than 5 Years,,Post -Test,B,B,C,B, A,,B, A,C,D,1,1,1,1,1,,1,1,1,1,9,90%
JH-Aug-1_0366.jpg,July,Jharkhand,Hazaribagh,41 ,3 to 5 Year,,Post -Test,B,B,C,B,A,B,B,C,C,D,1,1,1,1,1,1,1,0,1,1,9,90%
JH-Aug-1_0421.jpg,August,Jharkhand,Giridih,38 ,,,Post -Test,B,B,C,C,A,B,B,A,C,D,1,1,1,0,1,1,1,1,1,1,9,90%
JH-Aug-1_0721.jpg,August,Jharkhand,Giridih,38 ,More than 5 Years,,Post -Test,B,B,C,C,A,B,B,A,C,D,1,1,1,0,1,1,1,1,1,1,9,90%
JH-Aug-1_0756.jpg,August,Jharkhand,Giridih,38 ,More than 5 Years,,Post -Test,B,B,C,B,A,B,B,A,C,D,1,1,1,1,1,1,1,1,1,1,10,100%
JH-Aug-1_0764.jpg,August,Jharkhand,Giridih,38 ,,,Post -Test,B,D,C,B,A,B,B,A,C,D,1,0,1,1,1,1,1,1,1,1,9,90%
JH-Aug-1_0864.jpg,August,Jharkhand,Dhanbad,34 ,More than 5 Years,,Post -Test,B,B,C,B,A,B,B,A,B,D,1,1,1,1,1,1,1,1,0,1,9,90%
JH-Aug-1_0993.jpg,August,Jharkhand,Dhanbad,34 ,More than 5 Years,,Post -Test,B,B,C,B,A,B,B,D,C,D,1,1,1,1,1,1,1,0,1,1,9,90%
OD-AUG1_0025.jpg,August,Odisha,Balangir,2 ,More than 5 Years,,Post -Test,B,B,C,B, A,B,B, A,C,D,1,1,1,1,1,1,1,1,1,1,10,100%
OD-AUG1_0029.jpg,August,Odisha,Balangir,2 ,1 to 3 Year,,Post -Test,B,B,C,B, A,B,B, A,C,D,1,1,1,1,1,1,1,1,1,1,10,100%
OD-AUG1_0033.jpg,August,Odisha,Balangir,2 ,More than 5 Years,,Post -Test,B,B,C,B, A,B,B, A,C,D,1,1,1,1,1,1,1,1,1,1,10,100%
OD-AUG2_0013.jpg,August,Odisha,Balasore,3 ,More than 5 Years,,Post -Test,B,B,C,B, A,B,B, A,C,D,1,1,1,1,1,1,1,1,1,1,10,100%
OD-AUG2_0095.jpg,August,Odisha,Balangir,2 ,1 to 3 Year,,Post -Test,B,B,C,B, A,B,B, A,C,D,1,1,1,1,1,1,1,1,1,1,10,100%
OD-AUG2_0099.jpg,August,Odisha,Balangir,2 ,More than 5 Years,,Post -Test,B,B,C,B, A,B,B, A,C,D,1,1,1,1,1,1,1,1,1,1,10,100%
OD-AUG2_0100.jpg,August,Odisha,Balangir,2 ,More than 5 Years,,Post -Test,B,B,C,B, A,B,B, A,C,D,1,1,1,1,1,1,1,1,1,1,10,100%
OD-AUG2_0125.jpg,August,Odisha,Balangir,2 ,More than 5 Years,,Post -Test,B,B,C,B, A,B,B, A,C,D,1,1,1,1,1,1,1,1,1,1,10,100%
OD-AUG4_0044.jpg,August,Odisha,Balasore,3 ,,,Post -Test,B,B,C,B, A,B,B, A,C,D,1,1,1,1,1,1,1,1,1,1,10,100%
OD-AUG4_0048.jpg,August,Odisha,Balasore,3 ,More than 5 Years,,Post -Test,B,B,C,B, A,B,B, A,C,D,1,1,1,1,1,1,1,1,1,1,10,100%
OD-AUG5_0008.jpg,August,Odisha,Balasore,3 ,,,Post -Test,B,B,C,B, A,B,B, A,C,D,1,1,1,1,1,1,1,1,1,1,10,100%
OD-AUG5_0101.jpg,August,Odisha,Rayagada,26 ,,,Post -Test,B,B,C,B, A,B,B, A,C,D,1,1,1,1,1,1,1,1,1,1,10,100%
OD-AUG5_0105.jpg,August,Odisha,Bargarh,4 ,More than 5 Years,,Post -Test,B,B,C,B, A,B,B, A,C,D,1,1,1,1,1,1,1,1,1,1,10,100%
OD-AUG5_0106.jpg,August,Odisha,Rayagada,26 ,3 to 5 Year,,Post -Test,B,B,C,B, A,B,B, A,C,D,1,1,1,1,1,1,1,1,1,1,10,100%
OD-AUG5_0107.jpg,August,Odisha,Rayagada,26 ,1 to 3 Year,,Post -Test,B,B,C,B, A,B,B, A,C,D,1,1,1,1,1,1,1,1,1,1,10,100%
OD-AUG5_0111.jpg,August,Odisha,Bargarh,4 ,,,Post -Test,B,B,C,B, A,B,B, A,C,D,1,1,1,1,1,1,1,1,1,1,10,100%
OD-AUG5_0151.jpg,August,Odisha,Boudh,6 ,More than 5 Years,,Post -Test,B,B,C,B, A,B,B, A,C,D,1,1,1,1,1,1,1,1,1,1,10,100%
OD-AUG5_0152.jpg,August,Odisha,Rayagada,26 ,More than 5 Years,,Post -Test,B,B,C,B, A,B,B, A,C,D,1,1,1,1,1,1,1,1,1,1,10,100%
OD-AUG5_0157.jpg,August,Odisha,Rayagada,26 ,More than 5 Years,,Post -Test,B,B,C,B, A,B,B, A,C,D,1,1,1,1,1,1,1,1,1,1,10,100%
OD-Jul1_0008.jpg,July,Odisha,Balangir,2,,,Post -Test,B,B,C,B, A,B,B, A,C,D,1,1,1,1,1,1,1,1,1,1,10,100%
OD-Jul1_0012.jpg,July,Odisha,Balangir,2 ,More than 5 Years,,Post -Test,B,B,C,B, A,B,B, A,C,D,1,1,1,1,1,1,1,1,1,1,10,100%
OD-Jul1_0020.jpg,July,Odisha,Balangir,2,,,Post -Test,B,B,C,B, A,B,B, A,C,D,1,1,1,1,1,1,1,1,1,1,10,100%
OD-Jul1_0029.jpg,July,Odisha,Balangir,2 ,3 to 5 Year,,Post -Test,B,B,C,B, A,B,B, A,C,D,1,1,1,1,1,1,1,1,1,1,10,100%
OD-Jul1_0035.jpg,July,Odisha,Balangir,2,More than 5 Years,,Post -Test,B,B,C,B, A,B,B, A,C,D,1,1,1,1,1,1,1,1,1,1,10,100%
OD-Jul1_0047.jpg,July,Odisha,Sambalpur,27,3 to 5 Year,,Post -Test,B,B,C,B, A,B,B, A,C,D,1,1,1,1,1,1,1,1,1,1,10,100%
OD-Jul2_0002.jpg,July,Odisha,Sambalpur,27,More than 5 Years,,Post -Test,B,B,C,B, A,B,B, A,C,D,1,1,1,1,1,1,1,1,1,1,10,100%
OD-Jul2_0038.jpg,July,Odisha,Sambalpur,27,More than 5 Years,,Post -Test,B,B,C,B, A,B,B, A,C,D,1,1,1,1,1,1,1,1,1,1,10,100%
OD-Jul2_0082.jpg,July,Odisha,Sambalpur,27,,,Post -Test,B,B,C,B, A,B,B, A,C,D,1,1,1,1,1,1,1,1,1,1,10,100%
OD-Jul2_0083.jpg,July,Odisha,Sambalpur,27,3 to 5 Year,,Post -Test,B,B,C,B, A,B,B, A,C,D,1,1,1,1,1,1,1,1,1,1,10,100%
OD-Jul2_0094.jpg,July,Odisha,Sambalpur,27,,,Post -Test,B,B,C,B, A,B,B, A,C,D,1,1,1,1,1,1,1,1,1,1,10,100%
OD-Jul2_0117.jpg,July,Odisha,Sambalpur,27,More than 5 Years,,Post -Test,B,B,C,B, A,B,B, A,C,D,1,1,1,1,1,1,1,1,1,1,10,100%
OD-Jul2_0119.jpg,July,Odisha,Sambalpur,27,,,Post -Test,B,B,C,B, A,B,B, A,C,D,1,1,1,1,1,1,1,1,1,1,10,100%
OD-Jul2_0149.jpg,July,Odisha,Sambalpur,27,,,Post -Test,B,B,C,B, A,B,B, A,C,D,1,1,1,1,1,1,1,1,1,1,10,100%
OD-Jul2_0166.jpg,July,Odisha,Balangir,2 ,3 to 5 Year,,Post -Test,B,B,C,B, A,B,B, A,C,D,1,1,1,1,1,1,1,1,1,1,10,100%
OD-Jul2_0168.jpg,July,Odisha,Balangir,2 ,,,Post -Test,B,B,C,B, A,B,B, A,C,D,1,1,1,1,1,1,1,1,1,1,10,100%
OD-Jul2_0170.jpg,July,Odisha,Balangir,2 ,More than 5 Years,,Post -Test,B,B,C,B, A,B,B, A,C,D,1,1,1,1,1,1,1,1,1,1,10,100%
OD-Jul2_0241.jpg,July,Odisha,Balangir,2 ,3 to 5 Year,,Post -Test,B,B,C,B, A,B,B, A,C,D,1,1,1,1,1,1,1,1,1,1,10,100%
JH-Aug-1_0256.jpg,July,Jharkhand,Hazaribagh,41 ,3 to 5 Year,,Post -Test,B,B,C,B,A,B,B,A,C,D,1,1,1,1,1,1,1,1,1,1,10,100%
OD-AUG1_0024.jpg,August,Odisha,Balangir,2 ,3 to 5 Year,Pre-Test,,,,,D,,,,,,,,,,0,,,,,,,0,0%
OD-AUG1_0034.jpg,August,Odisha,Balangir,2 ,More than 5 Years,Pre-Test,,D,,,,,,C,B,,,0,,,,,,0,0,,,0,0%
OD-AUG1_0044.jpg,August,Odisha,Balangir,2 ,,Pre-Test,,,D,,,, A,,,D,,,0,,,,0,,,0,,0,0%
OD-AUG1_0047.jpg,August,Odisha,Balangir,2 ,,Pre-Test,,,,D,,,,,,,B,,,0,,,,,,,0,0,0%
OD-AUG2_0003.jpg,August,Odisha,Balangir,2 ,3 to 5 Year,Pre-Test,,,D,,,B,,,B, A, A,,0,,,0,,,0,0,0,0,0%
OD-AUG2_0067.jpg,August,Odisha,Balangir,2 ,More than 5 Years,Pre-Test,,D,,,,B,,,,,,0,,,,0,,,,,,0,0%
OD-AUG2_0137.jpg,August,Odisha,Balangir,2 ,More than 5 Years,Pre-Test,,D, A,,,,,,,,,0,0,,,,,,,,,0,0%
OD-AUG2_0155.jpg,August,Odisha,Balangir,2 ,More than 5 Years,Pre-Test,,D,,,,,,,,,,0,,,,,,,,,,0,0%
OD-AUG2_0156.jpg,August,Odisha,Balangir,2 ,3 to 5 Year,Pre-Test,,,,,,,,D,,,,,,,,,,0,,,,0,0%
OD-AUG2_0173.jpg,August,Odisha,Bargarh,4 ,,Pre-Test,,,,, A,,,,,,,,,,0,,,,,,,0,0%
OD-AUG2_0174.jpg,August,Odisha,Bargarh,4 ,,Pre-Test,,D,,,,,,,,,,0,,,,,,,,,,0,0%
OD-Aug3_0009.jpg,August,Odisha,Bargarh,4 ,More than 5 Years,Pre-Test,,,,,D,,,,,,,,,,0,,,,,,,0,0%
OD-Aug3_0013.jpg,August,Odisha,Bargarh,4 ,More than 5 Years,Pre-Test,,,D,D,,,,,,,,,0,0,,,,,,,,0,0%
OD-Aug3_0019.jpg,August,Odisha,Bargarh,4 ,More than 5 Years,Pre-Test,,,,,D,B,,,,,,,,,0,0,,,,,,0,0%
OD-AUG4_0022.jpg,August,Odisha,Balasore,3 ,,Pre-Test,,,,, A,,,,,,,,,,0,,,,,,,0,0%
OD-AUG4_0023.jpg,August,Odisha,Balasore,3 ,More than 5 Years,Pre-Test,,,,,,, A,,,,,,,,,,0,,,,,0,0%
OD-AUG4_0032.jpg,August,Odisha,Balasore,3 ,More than 5 Years,Pre-Test,,,,,D,,,,,,,,,,0,,,,,,,0,0%
OD-AUG4_0037.jpg,August,Odisha,Balasore,3 ,More than 5 Years,Pre-Test,,,,,,B,,,,,,,,,,0,,,,,,0,0%
OD-AUG5_0050.jpg,August,Odisha,Balasore,3 ,,Pre-Test,,,,,,B,,,,,,,,,,0,,,,,,0,0%
OD-AUG5_0053.jpg,August,Odisha,Balasore,3 ,More than 5 Years,Pre-Test,,,D,,,B,,,,D,,,0,,,0,,,,0,,0,0%
OD-AUG5_0065.jpg,August,Odisha,Bhadrak,5 ,More than 5 Years,Pre-Test,,,,,,,,,,D,,,,,,,,,,0,,0,0%
OD-AUG5_0080.jpg,August,Odisha,Balangir,2 ,,Pre-Test,,,, A,,,,,,,,,,0,,,,,,,,0,0%
OD-AUG5_0123.jpg,August,Odisha,Bargarh,4 ,3 to 5 Year,Pre-Test,,,,,,, A, A,,,,,,,,,0,0,,,,0,0%
OD-AUG5_0141.jpg,August,Odisha,Rayagada,26 ,,Pre-Test,,,,,,,,D,,,,,,,,,,0,,,,0,0%
OD-AUG6_0024.jpg,August,Odisha,Balasore,3 ,,Pre-Test,,,,,,,,,, A,B,,,,,,,,,0,0,0,0%
OD-Jul2_0011.jpg,July,Odisha,Sambalpur,27,,Pre-Test,,C, A,,,,,,,,,0,0,,,,,,,,,0,0%
OD-Jul2_0019.jpg,July,Odisha,Sambalpur,27,,Pre-Test,,, A,, A,B,,,,,,,0,,0,0,,,,,,0,0%
OD-Jul2_0056.jpg,July,Odisha,Sambalpur,27,3 to 5 Year,Pre-Test,,,,,,,,D,,,C,,,,,,,0,,,0,0,0%
OD-Jul2_0058.jpg,July,Odisha,Balangir,2 ,More than 5 Years,Pre-Test,,,,B,,, A,C,B,B,C,,,0,,,0,0,0,0,0,0,0%
OD-Jul2_0065.jpg,July,Odisha,Sambalpur,27,Less than 1 Year,Pre-Test,,,,,,, A,,,,C,,,,,,0,,,,0,0,0%
OD-Jul2_0085.jpg,July,Odisha,Sambalpur,27,More than 5 Years,Pre-Test,,,,,D,B, A,C,,,C,,,,0,0,0,0,,,0,0,0%
OD-Jul2_0125.jpg,July,Odisha,Balangir,2 ,1 to 3 Year,Pre-Test,,, A,D, A,B, A,,B,,,,0,0,0,0,0,,0,,,0,0%
OD-Jul2_0138.jpg,July,Odisha,Sambalpur,27,More than 5 Years,Pre-Test,,,,D,,B,,D,,,,,,0,,0,,0,,,,0,0%
OD-Jul2_0144.jpg,July,Odisha,Sambalpur,27,More than 5 Years,Pre-Test,,"B,D",,,,,,,,,,0,,,,,,,,,,0,0%
OD-Jul2_0180.jpg,July,Odisha,Balangir,2 ,More than 5 Years,Pre-Test,,,,,,,,D,,,,,,,,,,0,,,,0,0%
OD-Jul2_0193.jpg,July,Odisha,Balangir,2,More than 5 Years,Pre-Test,,, A,,,,,C,, A,,,0,,,,,0,,0,,0,0%
OD-Jul2_0229.jpg,July,Odisha,Balangir,2,3 to 5 Year,Pre-Test,,,,,,,,D,,,,,,,,,,0,,,,0,0%
OD-Jul3_0007.jpg,July,Odisha,Sambalpur,27,1 to 3 Year,Pre-Test,,,,,,, A,,,,,,,,,,0,,,,,0,0%
JH-Aug-1_0005.jpg,August,Jharkhand,Giridih,38 ,,Pre-Test,,,,,,,,,,D,,,,,,,,,,0,,0,0%
JH-Aug-1_0014.jpg,August,Jharkhand,Giridih,38 ,,Pre-Test,,,,,A,A,,,,D,,,,,0,1,,,,0,,1,10%
JH-Aug-1_0094.jpg,July,Jharkhand,Bokaro,31 ,,Pre-Test,,,C,,,,A,,,,,,0,,,,0,,,,,0,0%
JH-Aug-1_0138.jpg,August,Jharkhand,Bokaro,31 ,Less than 1 Year,Pre-Test,,,,,,,,,,,B,,,,,,,,,,0,0,0%
JH-Aug-1_0140.jpg,August,Jharkhand,Bokaro,31 ,,Pre-Test,,,,,,A,,C,,,,,,,,1,,0,,,,1,10%
JH-Aug-1_0155.jpg,August,Jharkhand,Bokaro,31 ,,Pre-Test,,,,,A,,,,,B,,,,,0,,,,,0,,0,0%
JH-Aug-1_0158.jpg,August,Jharkhand,Dhanbad,34 ,,Pre-Test,,,,,,,,A,B,B,B,,,,,,,0,0,0,0,0,0%
JH-Aug-1_0162.jpg,August,Jharkhand,Dhanbad,34 ,,Pre-Test,,,,,,A,,,B,,,,,,,1,,,0,,,1,10%
JH-Aug-1_0226.jpg,August,Jharkhand,Hazaribagh,41 ,,Pre-Test,,,,,C,A,,,,,,,,,0,1,,,,,,1,10%
JH-Aug-1_0235.jpg,July,Jharkhand,Hazaribagh,41 ,Less than 1 Year,Pre-Test,,,,,,,,,C,B,,,,,,,,,0,0,,0,0%
JH-Aug-1_0236.jpg,August,Jharkhand,Hazaribagh,41 ,,Pre-Test,,,,,A,A,,,,,,,,,0,1,,,,,,1,10%
JH-Aug-1_0273.jpg,July,Jharkhand,Hazaribagh,41 ,,Pre-Test,,,C,,,,,,,,,,0,,,,,,,,,0,0%
JH-Aug-1_0282.jpg,July,Jharkhand,Hazaribagh,41 ,,Pre-Test,,,,,,,,,C,,,,,,,,,,0,,,0,0%
JH-Aug-1_0325.jpg,July,Jharkhand,Giridih,38 ,,Pre-Test,,,,,,,,,C,,,,,,,,,,0,,,0,0%
JH-Aug-1_0371.jpg,August,Jharkhand,Giridih,38 ,More than 5 Years,Pre-Test,,,A,,A,A,A,,C,,,,0,,0,1,0,,0,,,1,10%
JH-Aug-1_0376.jpg,August,Jharkhand,Giridih,38 ,,Pre-Test,,,,,,,,,,A,,,,,,,,,,0,,0,0%
JH-Aug-1_0381.jpg,August,Jharkhand,Giridih,38 ,,Pre-Test,,,A,,,,,,,,,,0,,,,,,,,,0,0%
JH-Aug-1_0522.jpg,August,Jharkhand,Giridih,38 ,,Pre-Test,,,,,D,A,,,,,,,,,0,1,,,,,,1,10%
JH-Aug-1_0551.jpg,August,Jharkhand,Dhanbad,34 ,,Pre-Test,,C,,,,,,,,,,0,,,,,,,,,,0,0%
JH-Aug-1_0553.jpg,August,Jharkhand,Dhanbad,34 ,,Pre-Test,,,,,A,,,,,,,,,,0,,,,,,,0,0%
JH-Aug-1_0622.jpg,August,Jharkhand,Jamtara,42 ,,Pre-Test,,,D,,,,,,,,,,0,,,,,,,,,0,0%
JH-Aug-1_0645.jpg,August,Jharkhand,Giridih,38 ,,Pre-Test,,,C,,,,,,,,A,,0,,,,,,,,0,0,0%
JH-Aug-1_0659.jpg,August,Jharkhand,Giridih,38 ,3 to 5 Year,Pre-Test,,,A,,,,,,,,,,0,,,,,,,,,0,0%
JH-Aug-1_0662.jpg,August,Jharkhand,Giridih,38 ,1 to 3 Year,Pre-Test,,,C,,,,,,,,,,0,,,,,,,,,0,0%
JH-Aug-1_0679.jpg,August,Jharkhand,Giridih,38 ,,Pre-Test,,,,,,,,,B,D,,,,,,,,,0,0,,0,0%
JH-Aug-1_0783.jpg,August,Jharkhand,Giridih,38 ,,Pre-Test,,,C,,,,,,,,,,0,,,,,,,,,0,0%
JH-Aug-1_0788.jpg,August,Jharkhand,Giridih,38 ,,Pre-Test,,,C,,,,,,,,,,0,,,,,,,,,0,0%
JH-Aug-1_0807.jpg,August,Jharkhand,Giridih,38 ,3 to 5 Year,Pre-Test,,,,,,,,,C,,,,,,,,,,0,,,0,0%
JH-Aug-1_0849.jpg,August,Jharkhand,Dhanbad,34 ,,Pre-Test,,,,,,,,,,,A,,,,,,,,,,0,0,0%
JH-Aug-1_0872.jpg,August,Jharkhand,Dhanbad,34 ,,Pre-Test,,,C,,,,,,D,,,,0,,,,,,0,,,0,0%
JH-Aug-2_0027.jpg,August,Jharkhand,Dhanbad,34 ,,Pre-Test,,,C,,,,A,,,,,,0,,,,0,,,,,0,0%
JH-Aug-2_0036.jpg,August,Jharkhand,Dhanbad,34 ,,Pre-Test,,,C,,,,,,B,,,,0,,,,,,0,,,0,0%
JH-Aug-2_0053.jpg,August,Jharkhand,Dhanbad,34 ,More than 5 Years,Pre-Test,,,,,,A,,,D,,A,,,,,1,,,0,,0,1,10%
OD-AUG1_0001.jpg,August,Odisha,Balangir,2 ,3 to 5 Year,Pre-Test,,,,,,,,,,,D,,,,,,,,,,1,1,10%
OD-AUG1_0005.jpg,August,Odisha,Balangir,2 ,,Pre-Test,,,,,,,,,,,D,,,,,,,,,,1,1,10%
OD-AUG1_0008.jpg,August,Odisha,Balangir,2 ,3 to 5 Year,Pre-Test,,,,,,,,,,,D,,,,,,,,,,1,1,10%
OD-AUG1_0011.jpg,August,Odisha,Balangir,2 ,,Pre-Test,,,,,,,,,,,D,,,,,,,,,,1,1,10%
OD-AUG1_0016.jpg,August,Odisha,Balangir,2 ,1 to 3 Year,Pre-Test,,B,,,,, A,,B,, A,1,,,,,0,,0,,0,1,10%
OD-AUG1_0019.jpg,August,Odisha,Balangir,2 ,,Pre-Test,,,B,,,,,,,,,,1,,,,,,,,,1,10%
OD-AUG1_0032.jpg,August,Odisha,Balangir,2 ,More than 5 Years,Pre-Test,,,,,,,,D,,C,,,,,,,,0,,1,,1,10%
OD-AUG1_0035.jpg,August,Odisha,Balangir,2 ,More than 5 Years,Pre-Test,,,,,, A,,,B,,,,,,,1,,,0,,,1,10%
OD-AUG1_0041.jpg,August,Odisha,Balangir,2 ,1 to 3 Year,Pre-Test,,B,,,,,,,,,,1,,,,,,,,,,1,10%
OD-AUG1_0068.jpg,August,Odisha,Balangir,2 ,More than 5 Years,Pre-Test,,,,,, A,,,,,,,,,,1,,,,,,1,10%
OD-AUG2_0002.jpg,August,Odisha,Balangir,2 ,More than 5 Years,Pre-Test,,D,D,D,D,B, A,D,D,D,D,0,0,0,0,0,0,0,0,0,1,1,10%
OD-AUG2_0005.jpg,August,Odisha,Balangir,2 ,3 to 5 Year,Pre-Test,,D,D,D,,B,,,,D,D,0,0,0,,0,,,,0,1,1,10%
OD-AUG2_0048.jpg,August,Odisha,Balangir,2 ,1 to 3 Year,Pre-Test,,D,D,D,D,,,, A,,,0,0,0,0,,,,1,,,1,10%
OD-AUG2_0061.jpg,August,Odisha,Balangir,2 ,More than 5 Years,Pre-Test,,B,C,B,,,, A,,,,1,0,0,,,,0,,,,1,10%
OD-AUG2_0062.jpg,August,Odisha,Balangir,2 ,More than 5 Years,Pre-Test,, A,C, A,,,, A,,,D,0,0,0,,,,0,,,1,1,10%
OD-AUG2_0066.jpg,August,Odisha,Balangir,2 ,More than 5 Years,Pre-Test,,,,D,D,B, A,,,,D,,,0,0,0,0,,,,1,1,10%
OD-AUG2_0069.jpg,August,Odisha,Balangir,2 ,More than 5 Years,Pre-Test,,B,,,C,,, A,,,,1,,,0,,,0,,,,1,10%
OD-AUG2_0072.jpg,August,Odisha,Balangir,2 ,More than 5 Years,Pre-Test,,B,,,,,,,,,,1,,,,,,,,,,1,10%
OD-AUG2_0076.jpg,August,Odisha,Balangir,2 ,More than 5 Years,Pre-Test,,B,,,,,,,,,,1,,,,,,,,,,1,10%
OD-AUG2_0079.jpg,August,Odisha,Balangir,2 ,,Pre-Test,,,,,B,B,,,,,,,,,1,0,,,,,,1,10%
OD-AUG2_0085.jpg,August,Odisha,Balangir,2 ,,Pre-Test,,,,,B,,,,,,,,,,1,,,,,,,1,10%
OD-AUG2_0088.jpg,August,Odisha,Balangir,2 ,,Pre-Test,,,,,, A, A,,,,,,,,,1,0,,,,,1,10%
OD-AUG2_0091.jpg,August,Odisha,Balangir,2 ,More than 5 Years,Pre-Test,,,,,, A,,,,,,,,,,1,,,,,,1,10%
OD-AUG2_0110.jpg,August,Odisha,Balangir,2 ,More than 5 Years,Pre-Test,,B,, A, A,,,,,,,1,,0,0,,,,,,,1,10%
OD-AUG2_0111.jpg,August,Odisha,Balangir,2 ,3 to 5 Year,Pre-Test,,B, A,D,D,B, A,D,D,,,1,0,0,0,0,0,0,0,,,1,10%
OD-AUG2_0131.jpg,August,Odisha,Balangir,2 ,,Pre-Test,,B,,,,,,,,,,1,,,,,,,,,,1,10%
OD-AUG2_0136.jpg,August,Odisha,Balangir,2 ,,Pre-Test,,,,,,,,, A,,,,,,,,,,1,,,1,10%
OD-AUG2_0138.jpg,August,Odisha,Balangir,2 ,More than 5 Years,Pre-Test,,,,,,,B,D,,,,,,,,,1,0,,,,1,10%
OD-AUG2_0149.jpg,August,Odisha,Balangir,2 ,3 to 5 Year,Pre-Test,,B,,D,,,,,,D,,1,,0,,,,,,0,,1,10%
OD-AUG2_0150.jpg,August,Odisha,Balangir,2 ,More than 5 Years,Pre-Test,,B,D,D, A,B, A,D,D,,,1,0,0,0,0,0,0,0,,,1,10%
OD-AUG2_0157.jpg,August,Odisha,Balangir,2 ,3 to 5 Year,Pre-Test,,B,,,,,,,,,,1,,,,,,,,,,1,10%
OD-AUG2_0162.jpg,August,Odisha,Bargarh,4 ,,Pre-Test,,B,,,,,,,,,,1,,,,,,,,,,1,10%
OD-AUG2_0171.jpg,August,Odisha,Bargarh,4 ,,Pre-Test,,B,, A, A,,,,B, A,,1,,0,0,,,,0,0,,1,10%
OD-AUG2_0176.jpg,August,Odisha,Bargarh,4 ,,Pre-Test,,B,, A, A,,,,,,,1,,0,0,,,,,,,1,10%
OD-AUG2_0185.jpg,August,Odisha,Bargarh,4 ,,Pre-Test,,,,,,,,,,C,,,,,,,,,,1,,1,10%
OD-Aug3_0011.jpg,August,Odisha,Bargarh,4 ,,Pre-Test,,B,,,,,,,,,,1,,,,,,,,,,1,10%
OD-Aug3_0014.jpg,August,Odisha,Bargarh,4 ,3 to 5 Year,Pre-Test,,B,,,,,,,,,,1,,,,,,,,,,1,10%
OD-Aug3_0020.jpg,August,Odisha,Bargarh,4 ,,Pre-Test,,,,,D, A,,,,,,,,,0,1,,,,,,1,10%
OD-Aug3_0025.jpg,August,Odisha,Bargarh,4 ,,Pre-Test,,B,,,,,,,,,,1,,,,,,,,,,1,10%
OD-Aug3_0043.jpg,August,Odisha,Balasore,3 ,3 to 5 Year,Pre-Test,,B, A, A,D,B, A,,B,,,1,0,0,0,0,0,,0,,,1,10%
OD-Aug3_0045.jpg,August,Odisha,Balasore,3 ,,Pre-Test,,B,,,D,B,, A,,,,1,,,0,0,,0,,,,1,10%
OD-Aug3_0050.jpg,August,Odisha,Balasore,3 ,3 to 5 Year,Pre-Test,,B,,,,,,,,,,1,,,,,,,,,,1,10%
OD-Aug3_0051.jpg,August,Odisha,Balasore,3 ,3 to 5 Year,Pre-Test,,B,,,,,,,,,,1,,,,,,,,,,1,10%
OD-Aug3_0053.jpg,August,Odisha,Balasore,3 ,,Pre-Test,,B,,,,,,,B,,,1,,,,,,,0,,,1,10%
OD-Aug3_0055.jpg,August,Odisha,Balasore,3 ,,Pre-Test,,B,,,,,,,,,,1,,,,,,,,,,1,10%
OD-AUG4_0031.jpg,August,Odisha,Balasore,3 ,,Pre-Test,,B,,,,,,,,,,1,,,,,,,,,,1,10%
OD-AUG4_0033.jpg,August,Odisha,Balasore,3 ,More than 5 Years,Pre-Test,,B,D,,,,,,,,,1,0,,,,,,,,,1,10%
OD-AUG4_0041.jpg,August,Odisha,Balasore,3 ,More than 5 Years,Pre-Test,,,B,,,,,,,,,,1,,,,,,,,,1,10%
OD-AUG4_0046.jpg,August,Odisha,Balasore,3 ,,Pre-Test,,,,,,,,,,C,,,,,,,,,,1,,1,10%
OD-AUG5_0005.jpg,August,Odisha,Balasore,3 ,More than 5 Years,Pre-Test,,,,,,,,, A,,,,,,,,,,1,,,1,10%
OD-AUG5_0010.jpg,August,Odisha,Balasore,3 ,More than 5 Years,Pre-Test,,B,,,,,,,,,,1,,,,,,,,,,1,10%
OD-AUG5_0015.jpg,August,Odisha,Balasore,3 ,3 to 5 Year,Pre-Test,,B, A,,,,,,,,,1,0,,,,,,,,,1,10%
OD-AUG5_0019.jpg,August,Odisha,Balasore,3 ,,Pre-Test,,D,B, A,,,,,,,,0,1,0,,,,,,,,1,10%
OD-AUG5_0030.jpg,August,Odisha,Balasore,3 ,,Pre-Test,,,,,,,,,,C,,,,,,,,,,1,,1,10%
OD-AUG5_0040.jpg,August,Odisha,Balasore,3 ,,Pre-Test,,,,,,,,, A,,,,,,,,,,1,,,1,10%
OD-AUG5_0049.jpg,August,Odisha,Balasore,3 ,,Pre-Test,,B,D,D,,B, A,D,B,D,,1,0,0,,0,0,0,0,0,,1,10%
OD-AUG5_0056.jpg,August,Odisha,Balasore,3 ,3 to 5 Year,Pre-Test,,,B,,,,, A,,,,,1,,,,,0,,,,1,10%
OD-AUG5_0077.jpg,August,Odisha,Balangir,2 ,3 to 5 Year,Pre-Test,, A,B,D,C,B, A,C,D,D,C,0,1,0,0,0,0,0,0,0,0,1,10%
OD-AUG5_0078.jpg,August,Odisha,Rayagada,26 ,3 to 5 Year,Pre-Test,,B,, A,D,B, A,D,C,B,,1,,0,0,0,0,0,0,0,,1,10%
OD-AUG5_0082.jpg,August,Odisha,Bhadrak,5 ,More than 5 Years,Pre-Test,,B,,,,,,,D,,,1,,,,,,,0,,,1,10%
OD-AUG5_0114.jpg,August,Odisha,Bargarh,4 ,,Pre-Test,,B,,D,C,B,,,,,,1,,0,0,0,,,,,,1,10%
OD-AUG5_0115.jpg,August,Odisha,Bargarh,4 ,,Pre-Test,,,,,,,B, A,B,,,,,,,,1,0,0,,,1,10%
OD-AUG5_0116.jpg,August,Odisha,Bargarh,4 ,3 to 5 Year,Pre-Test,,D,B,,,,,,,,,0,1,,,,,,,,,1,10%
OD-AUG5_0118.jpg,August,Odisha,Bargarh,4 ,,Pre-Test,,,B, A,D,, A,,, A,,,1,0,0,,0,,,0,,1,10%
OD-AUG5_0122.jpg,August,Odisha,Bargarh,4 ,3 to 5 Year,Pre-Test,,B, A, A,D,B, A,C,B, A, A,1,0,0,0,0,0,0,0,0,0,1,10%
OD-AUG5_0124.jpg,August,Odisha,Bargarh,4 ,More than 5 Years,Pre-Test,,,B,,,, A,,, A,C,,1,,,,0,,,0,0,1,10%
OD-AUG5_0125.jpg,August,Odisha,Bargarh,4 ,More than 5 Years,Pre-Test,,B, A, A,D,B, A,C,B,,,1,0,0,0,0,0,0,0,,,1,10%
OD-AUG5_0126.jpg,August,Odisha,Bargarh,4 ,,Pre-Test,,B, A, A, A,B, A,D,C,,,1,0,0,0,0,0,0,0,,,1,10%
OD-AUG5_0129.jpg,August,Odisha,Balangir,2 ,3 to 5 Year,Pre-Test,,B, A, A,D,B, A, A,B,B,B,1,0,0,0,0,0,0,0,0,0,1,10%
OD-AUG5_0130.jpg,August,Odisha,Rayagada,26 ,,Pre-Test,,C,D,D,C,B, A,D,B,C,C,0,0,0,0,0,0,0,0,1,0,1,10%
OD-AUG5_0135.jpg,August,Odisha,Rayagada,26 ,More than 5 Years,Pre-Test,,B, A,B,C,B, A,D,C,B,,1,0,0,0,0,0,0,0,0,,1,10%
OD-AUG5_0137.jpg,August,Odisha,Balangir,2 ,3 to 5 Year,Pre-Test,,B, A,B,C,B,, A,,, A,1,0,0,0,0,,0,,,0,1,10%
OD-AUG5_0140.jpg,August,Odisha,Rayagada,26 ,,Pre-Test,,,,C,,B,, A,B,,,,,1,,0,,0,0,,,1,10%
OD-AUG5_0142.jpg,August,Odisha,Rayagada,26 ,,Pre-Test,,B, A,,,, A,,C,,,1,0,,,,0,,0,,,1,10%
OD-AUG5_0143.jpg,August,Odisha,Rayagada,26 ,More than 5 Years,Pre-Test,,B,,,,,,,,,,1,,,,,,,,,,1,10%
OD-AUG5_0144.jpg,August,Odisha,Rayagada,26 ,,Pre-Test,,B,,,C,,,,,B,,1,,,0,,,,,0,,1,10%
OD-AUG5_0145.jpg,August,Odisha,Rayagada,26 ,,Pre-Test,,D,C,B,B,,,,,,,0,0,0,1,,,,,,,1,10%
OD-AUG6_0043.jpg,August,Odisha,Balasore,3 ,,Pre-Test,,B,,,,,,,,,B,1,,,,,,,,,0,1,10%
OD-Jul1_0004.jpg,July,Odisha,Balangir,2,,Pre-Test,,,,,,,,,,C,,,,,,,,,,1,,1,10%
OD-Jul1_0005.jpg,July,Odisha,Balangir,2,More than 5 Years,Pre-Test,,,,,C,,,,,,D,,,,0,,,,,,1,1,10%
OD-Jul1_0042.jpg,July,Odisha,Balangir,2,More than 5 Years,Pre-Test,,,,,,,,,,D,D,,,,,,,,,0,1,1,10%
OD-Jul2_0010.jpg,July,Odisha,Sambalpur,27,,Pre-Test,,,B,,,,, A,,,,,1,,,,,0,,,,1,10%
OD-Jul2_0012.jpg,July,Odisha,Sambalpur,27,3 to 5 Year,Pre-Test,,,,,,,,,,C,B,,,,,,,,,1,0,1,10%
OD-Jul2_0018.jpg,July,Odisha,Sambalpur,27,,Pre-Test,,C, A,C, A,B,,,,,,0,0,1,0,0,,,,,,1,10%
OD-Jul2_0020.jpg,July,Odisha,Sambalpur,27,More than 5 Years,Pre-Test,,C,,,,, A,B,,,,0,,,,,0,1,,,,1,10%
OD-Jul2_0023.jpg,July,Odisha,Sambalpur,27,,Pre-Test,,, A,C,,,,,,,,,0,1,,,,,,,,1,10%
OD-Jul2_0048.jpg,July,Odisha,Sambalpur,27,More than 5 Years,Pre-Test,,B,,B,C,B, A, A,D,B,B,1,,0,0,0,0,0,0,0,0,1,10%
OD-Jul2_0057.jpg,July,Odisha,Sambalpur,27,,Pre-Test,,C,D, A, A, A,,,,, A,0,0,0,0,1,,,,,0,1,10%
OD-Jul2_0066.jpg,July,Odisha,Sambalpur,27,3 to 5 Year,Pre-Test,,B,,,,,,,,,,1,,,,,,,,,,1,10%
OD-Jul2_0132.jpg,July,Odisha,Sambalpur,27,More than 5 Years,Pre-Test,,D,D,D,D,B, A,D,D,D,D,0,0,0,0,0,0,0,0,0,1,1,10%
OD-Jul2_0133.jpg,July,Odisha,Sambalpur,27,,Pre-Test,,D,D,,D,B, A,,,D,D,0,0,,0,0,0,,,0,1,1,10%
OD-Jul2_0135.jpg,July,Odisha,Sambalpur,27,More than 5 Years,Pre-Test,,,,,,,,,,,D,,,,,,,,,,1,1,10%
OD-Jul2_0137.jpg,July,Odisha,Sambalpur,27,3 to 5 Year,Pre-Test,,B,,D,D,,,D,,D,,1,,0,0,,,0,,0,,1,10%
OD-Jul2_0142.jpg,July,Odisha,Balangir,2 ,More than 5 Years,Pre-Test,,"B,D",D,,,B, A,,,D,D,0,0,,,0,0,,,0,1,1,10%
OD-Jul2_0174.jpg,July,Odisha,Balangir,2,,Pre-Test,,,,,,,,,,,D,,,,,,,,,,1,1,10%
OD-Jul2_0177.jpg,July,Odisha,Balangir,2,More than 5 Years,Pre-Test,,,,,,,,,,,D,,,,,,,,,,1,1,10%
OD-Jul2_0178.jpg,July,Odisha,Balangir,2 ,,Pre-Test,,,,,,B,B,,,,,,,,,0,1,,,,,1,10%
OD-Jul2_0179.jpg,July,Odisha,Balangir,2 ,,Pre-Test,,,,,D,,,D,,D,D,,,,0,,,0,,0,1,1,10%
OD-Jul2_0184.jpg,July,Odisha,Balangir,2,3 to 5 Year,Pre-Test,,B,C,B,C,,,,C,,,1,0,0,0,,,,0,,,1,10%
OD-Jul2_0185.jpg,July,Odisha,Balangir,2,3 to 5 Year,Pre-Test,,,,,,,,,C,B,D,,,,,,,,0,0,1,1,10%
OD-Jul2_0203.jpg,July,Odisha,Sambalpur,27,More than 5 Years,Pre-Test,,B, A, A,C,B, A, A,B, A,B,1,0,0,0,0,0,0,0,0,0,1,10%
OD-Jul2_0204.jpg,July,Odisha,Sambalpur,27,1 to 3 Year,Pre-Test,,B, A, A,C,B, A, A,B,D, A,1,0,0,0,0,0,0,0,0,0,1,10%
OD-Jul2_0210.jpg,July,Odisha,Balangir,2 ,3 to 5 Year,Pre-Test,,B, A,B, A,B, A, A,B, A,C,1,0,0,0,0,0,0,0,0,0,1,10%
OD-Jul2_0217.jpg,July,Odisha,Balangir,2 ,,Pre-Test,,B, A,B, A,,,D,,, A,1,0,0,0,,,0,,,0,1,10%
OD-Jul2_0219.jpg,July,Odisha,Sambalpur,27,,Pre-Test,,B, A, A,,B, A, A,B,B, A,1,0,0,,0,0,0,0,0,0,1,10%
OD-Jul2_0230.jpg,July,Odisha,Balangir,2 ,,Pre-Test,,,C,B,,,,D,,,D,,0,0,,,,0,,,1,1,10%
JH-Aug-1_0001.jpg,August,Jharkhand,Giridih,38 ,,Pre-Test,,,C,,,,,B,,,,,0,,,,,1,,,,1,10%
JH-Aug-1_0002.jpg,August,Jharkhand,Giridih,38 ,,Pre-Test,,B,,,,,,,,,,1,,,,,,,,,,1,10%
JH-Aug-1_0003.jpg,August,Jharkhand,Giridih,38 ,1 to 3 Year,Pre-Test,,,,,,A,,,,,,,,,,1,,,,,,1,10%
JH-Aug-1_0008.jpg,August,Jharkhand,Giridih,38 ,,Pre-Test,,,,,,,,B,,,,,,,,,,1,,,,1,10%
JH-Aug-1_0013.jpg,August,Jharkhand,Giridih,38 ,,Pre-Test,,,,,B,,,,,,,,,,1,,,,,,,1,10%
JH-Aug-1_0017.jpg,August,Jharkhand,Giridih,38 ,More than 5 Years,Pre-Test,,,,C,,A,,,,,,,,1,,1,,,,,,2,20%
JH-Aug-1_0029.jpg,August,Jharkhand,Giridih,38 ,1 to 3 Year,Pre-Test,,,,,,,,,A,,,,,,,,,,1,,,1,10%
JH-Aug-1_0059.jpg,August,Jharkhand,Bokaro,31 ,,Pre-Test,,B,,,,A,,,,,,1,,,,1,,,,,,2,20%
JH-Aug-1_0086.jpg,July,Jharkhand,Bokaro,31 ,,Pre-Test,,,,,,,,A,D,,A,,,,,,,0,0,,0,0,0%
JH-Aug-1_0091.jpg,July,Jharkhand,Bokaro,31 ,,Pre-Test,,,,,,A,A,B,,,,,,,,1,0,1,,,,2,20%
JH-Aug-1_0097.jpg,July,Jharkhand,Bokaro,31 ,,Pre-Test,,,,,,,,,,C,,,,,,,,,,1,,1,10%
JH-Aug-1_0104.jpg,August,Jharkhand,Bokaro,31 ,,Pre-Test,,,,,,,,,,,D,,,,,,,,,,1,1,10%
JH-Aug-1_0109.jpg,August,Jharkhand,Bokaro,31 ,,Pre-Test,,C,C,,,,,,,,,0,0,,,,,,,,,0,0%
JH-Aug-1_0127.jpg,August,Jharkhand,Bokaro,31 ,,Pre-Test,,B,A,,A,B,,,,,,1,0,,0,0,,,,,,1,10%
JH-Aug-1_0148.jpg,August,Jharkhand,Bokaro,31 ,More than 5 Years,Pre-Test,,B,C,,A,,,,,,,1,0,,0,,,,,,,1,10%
JH-Aug-1_0156.jpg,August,Jharkhand,Giridih,38 ,,Pre-Test,,,,,,A,A,,,,C,,,,,1,0,,,,0,1,10%
JH-Aug-1_0159.jpg,August,Jharkhand,Dhanbad,34 ,,Pre-Test,,,,,,,,B,B,B,B,,,,,,,1,0,0,0,1,10%
JH-Aug-1_0166.jpg,August,Jharkhand,Dhanbad,34 ,More than 5 Years,Pre-Test,,C,,,,,B,,,D,,0,,,,,1,,,0,,1,10%
JH-Aug-1_0168.jpg,August,Jharkhand,Dhanbad,34 ,,Pre-Test,,B,,,,,,C,,,,1,,,,,,0,,,,1,10%
JH-Aug-1_0171.jpg,August,Jharkhand,Dhanbad,34 ,,Pre-Test,,,,,,,,B,,,,,,,,,,1,,,,1,10%
JH-Aug-1_0182.jpg,August,Jharkhand,Giridih,38 ,,Pre-Test,,C,,,,,,,,,,0,,,,,,,,,,0,0%
JH-Aug-1_0223.jpg,July,Jharkhand,Hazaribagh,41 ,,Pre-Test,,,,B,,,A,,,,,,,0,,,0,,,,,0,0%
JH-Aug-1_0227.jpg,July,Jharkhand,Hazaribagh,41 ,,Pre-Test,,B,,,,,,,,,,1,,,,,,,,,,1,10%
JH-Aug-1_0242.jpg,July,Jharkhand,Hazaribagh,41 ,More than 5 Years,Pre-Test,,C,,,A,A,,C,,,,0,,,0,1,,0,,,,1,10%
JH-Aug-1_0289.jpg,July,Jharkhand,Hazaribagh,41 ,More than 5 Years,Pre-Test,,,,,,,,,,,D,,,,,,,,,,1,1,10%
JH-Aug-1_0293.jpg,July,Jharkhand,Hazaribagh,41 ,More than 5 Years,Pre-Test,,,,,,A,,,,,D,,,,,1,,,,,1,2,20%
JH-Aug-1_0342.jpg,August,Jharkhand,Ranchi,50 ,,Pre-Test,,B,D,,,,,,C,D,C,1,0,,,,,,0,0,0,1,10%
JH-Aug-1_0352.jpg,August,Jharkhand,Ranchi,50 ,,Pre-Test,,B,,,,,,,,,,1,,,,,,,,,,1,10%
JH-Aug-1_0368.jpg,August,Jharkhand,Giridih,38 ,More than 5 Years,Pre-Test,,C,A,,,,,,,,,0,0,,,,,,,,,0,0%
JH-Aug-1_0372.jpg,August,Jharkhand,Giridih,38 ,1 to 3 Year,Pre-Test,,A,,,,A,,,,,,0,,,,1,,,,,,1,10%
JH-Aug-1_0374.jpg,August,Jharkhand,Giridih,38 ,3 to 5 Year,Pre-Test,,,A,,,,A,B,,,,,0,,,,0,1,,,,1,10%
JH-Aug-1_0377.jpg,August,Jharkhand,Giridih,38 ,,Pre-Test,,,B,,,A,,,D,,,,1,,,1,,,0,,,2,20%
JH-Aug-1_0379.jpg,August,Jharkhand,Giridih,38 ,,Pre-Test,,B,,,C,,,,C,A,,1,,,0,,,,0,0,,1,10%
JH-Aug-1_0390.jpg,August,Jharkhand,Giridih,38 ,,Pre-Test,,,,B,,,,,,,,,,0,,,,,,,,0,0%
JH-Aug-1_0394.jpg,August,Jharkhand,Giridih,38 ,,Pre-Test,,B,,,A,,,,,A,,1,,,0,,,,,0,,1,10%
JH-Aug-1_0407.jpg,August,Jharkhand,Giridih,38 ,,Pre-Test,,,,,,A,,,,,D,,,,,1,,,,,1,2,20%
JH-Aug-1_0416.jpg,August,Jharkhand,Giridih,38 ,3 to 5 Year,Pre-Test,,,,,,,,A,,,,,,,,,,0,,,,0,0%
JH-Aug-1_0419.jpg,August,Jharkhand,Giridih,38 ,,Pre-Test,,,,,,,,,,C,,,,,,,,,,1,,1,10%
JH-Aug-1_0439.jpg,August,Jharkhand,Jamtara,42 ,,Pre-Test,,,,,B,,,,,,C,,,,1,,,,,,0,1,10%
JH-Aug-1_0525.jpg,August,Jharkhand,Dhanbad,34 ,,Pre-Test,,,,,A,,B,,,,A,,,,0,,1,,,,0,1,10%
JH-Aug-1_0543.jpg,August,Jharkhand,Dhanbad,34 ,More than 5 Years,Pre-Test,,B,,,,,,,,D,,1,,,,,,,,0,,1,10%
JH-Aug-1_0549.jpg,August,Jharkhand,Dhanbad,34 ,,Pre-Test,,,,B,,A,,,,,,,,0,,1,,,,,,1,10%
JH-Aug-1_0594.jpg,August,Jharkhand,Jamtara,42 ,More than 5 Years,Pre-Test,,,,,C,,,,,,D,,,,0,,,,,,1,1,10%
JH-Aug-1_0614.jpg,August,Jharkhand,Jamtara,42 ,,Pre-Test,,,B,,,,,,,,,,1,,,,,,,,,1,10%
JH-Aug-1_0624.jpg,August,Jharkhand,Jamtara,42 ,More than 5 Years,Pre-Test,,,,B,A,A,,,,,,,,0,0,1,,,,,,1,10%
JH-Aug-1_0625.jpg,August,Jharkhand,Jamtara,42 ,More than 5 Years,Pre-Test,,B,D,,,,,,,,,1,0,,,,,,,,,1,10%
JH-Aug-1_0629.jpg,August,Jharkhand,Jamtara,42 ,More than 5 Years,Pre-Test,,,,B,,,,,,,,,,0,,,,,,,,0,0%
JH-Aug-1_0633.jpg,August,Jharkhand,Jamtara,42 ,,Pre-Test,,,,,,A,,B,,,,,,,,1,,1,,,,2,20%
JH-Aug-1_0652.jpg,August,Jharkhand,Giridih,38 ,3 to 5 Year,Pre-Test,,B,,,,,,,,,,1,,,,,,,,,,1,10%
JH-Aug-1_0656.jpg,August,Jharkhand,Giridih,38 ,Less than 1 Year,Pre-Test,,,B,,,,,,,,,,1,,,,,,,,,1,10%
JH-Aug-1_0667.jpg,August,Jharkhand,Giridih,38 ,3 to 5 Year,Pre-Test,,,,,,A,,B,,,,,,,,1,,1,,,,2,20%
JH-Aug-1_0677.jpg,August,Jharkhand,Giridih,38 ,More than 5 Years,Pre-Test,,,,B,,,,,,,,,,0,,,,,,,,0,0%
JH-Aug-1_0683.jpg,August,Jharkhand,Giridih,38 ,More than 5 Years,Pre-Test,,C,A,,,,,,,,,0,0,,,,,,,,,0,0%
JH-Aug-1_0686.jpg,August,Jharkhand,Giridih,38 ,More than 5 Years,Pre-Test,,,A,B,A,,,A,B,,B,,0,0,0,,,0,0,,0,0,0%
JH-Aug-1_0689.jpg,August,Jharkhand,Giridih,38 ,,Pre-Test,,C,,,,A,,D,D,,,0,,,,1,,0,0,,,1,10%
JH-Aug-1_0714.jpg,August,Jharkhand,Giridih,38 ,3 to 5 Year,Pre-Test,,B,C,,,,,,,,C,1,0,,,,,,,,0,1,10%
JH-Aug-1_0717.jpg,August,Jharkhand,Giridih,38 ,More than 5 Years,Pre-Test,,,,,,,,A,,,,,,,,,,0,,,,0,0%
JH-Aug-1_0778.jpg,August,Jharkhand,Giridih,38 ,,Pre-Test,,B,,,,,,,,,,1,,,,,,,,,,1,10%
JH-Aug-1_0786.jpg,August,Jharkhand,Giridih,38 ,More than 5 Years,Pre-Test,,C,C,,,,,,,,,0,0,,,,,,,,,0,0%
JH-Aug-1_0800.jpg,August,Jharkhand,Giridih,38 ,,Pre-Test,,,,,,,,,A,,,,,,,,,,1,,,1,10%
JH-Aug-1_0823.jpg,August,Jharkhand,Dhanbad,34 ,,Pre-Test,,B,D,A,C,,,,,,,1,0,0,0,,,,,,,1,10%
JH-Aug-1_0847.jpg,August,Jharkhand,Giridih,38 ,,Pre-Test,,,,,,,,,A,,,,,,,,,,1,,,1,10%
JH-Aug-1_0869.jpg,August,Jharkhand,Dhanbad,34 ,More than 5 Years,Pre-Test,,,,,C,,,,A,B,,,,,0,,,,1,0,,1,10%
JH-Aug-1_0904.jpg,August,Jharkhand,Dhanbad,34 ,,Pre-Test,,,,,C,A,,,,,,,,,0,1,,,,,,1,10%
JH-Aug-1_0981.jpg,August,Jharkhand,Dhanbad,34 ,More than 5 Years,Pre-Test,,C,D,,,,,,,,,0,0,,,,,,,,,0,0%
JH-Aug-2_0032.jpg,August,Jharkhand,Dhanbad,34 ,More than 5 Years,Pre-Test,,,,,,,,B,,,C,,,,,,,1,,,0,1,10%
JH-Aug-2_0037.jpg,August,Jharkhand,Dhanbad,34 ,,Pre-Test,,,,,,,,,,,D,,,,,,,,,,1,1,10%
JH-Aug-2_0043.jpg,August,Jharkhand,Giridih,38 ,More than 5 Years,Pre-Test,,,,,,A,,,A,,,,,,,1,,,1,,,2,20%
JH-Aug-2_0045.jpg,August,Jharkhand,Giridih,38 ,More than 5 Years,Pre-Test,,,,C,,,,,,,,,,1,,,,,,,,1,10%
JH-Aug-2_0051.jpg,August,Jharkhand,Giridih,38 ,More than 5 Years,Pre-Test,,D,B,D,D,B,A,D,D,D,,0,1,0,0,0,0,0,0,0,,1,10%
OD-AUG1_0007.jpg,August,Odisha,Balangir,2 ,,Pre-Test,,B,,,,,B,,,,,1,,,,,1,,,,,2,20%
OD-AUG1_0009.jpg,August,Odisha,Balangir,2 ,More than 5 Years,Pre-Test,,B,D,D,D,B, A,,,D,D,1,0,0,0,0,0,,,0,1,2,20%
OD-AUG1_0013.jpg,August,Odisha,Balangir,2 ,More than 5 Years,Pre-Test,,B,D, A,,, A,,B, A,D,1,0,0,,,0,,0,0,1,2,20%
OD-AUG1_0014.jpg,August,Odisha,Balangir,2 ,More than 5 Years,Pre-Test,,B,B,,,,,,B,,,1,1,,,,,,0,,,2,20%
OD-AUG1_0017.jpg,August,Odisha,Balangir,2 ,1 to 3 Year,Pre-Test,,,,,,,B,,,,D,,,,,,1,,,,1,2,20%
OD-AUG2_0108.jpg,August,Odisha,Balangir,2 ,More than 5 Years,Pre-Test,, A,B,D,D,B, A,D,D,D,D,0,1,0,0,0,0,0,0,0,1,2,20%
OD-AUG2_0112.jpg,August,Odisha,Balangir,2 ,More than 5 Years,Pre-Test,,B,D,,,,, A,, A,D,1,0,,,,,0,,0,1,2,20%
OD-AUG2_0118.jpg,August,Odisha,Balangir,2 ,1 to 3 Year,Pre-Test,,B,D,,B,,,,,D,,1,0,,1,,,,,0,,2,20%
OD-AUG2_0143.jpg,August,Odisha,Balangir,2 ,More than 5 Years,Pre-Test,,B,,,D,, A,,,,D,1,,,0,,0,,,,1,2,20%
OD-AUG2_0144.jpg,August,Odisha,Balangir,2 ,1 to 3 Year,Pre-Test,,B,B,,,,,,,,,1,1,,,,,,,,,2,20%
OD-AUG2_0158.jpg,August,Odisha,Balangir,2 ,More than 5 Years,Pre-Test,,,,C, A,,,C, A,,,,,1,0,,,0,1,,,2,20%
OD-AUG2_0165.jpg,August,Odisha,Bargarh,4 ,More than 5 Years,Pre-Test,,,,C,,,,, A,,,,,1,,,,,1,,,2,20%
OD-AUG2_0167.jpg,August,Odisha,Bargarh,4 ,More than 5 Years,Pre-Test,,B,C,B, A,B, A,D, A, A,B,1,0,0,0,0,0,0,1,0,0,2,20%
OD-AUG2_0170.jpg,August,Odisha,Bargarh,4 ,,Pre-Test,,B,B,,,,,,,,,1,1,,,,,,,,,2,20%
OD-AUG2_0189.jpg,August,Odisha,Bargarh,4 ,,Pre-Test,,B,B,,,,,,,,,1,1,,,,,,,,,2,20%
OD-AUG2_0193.jpg,August,Odisha,Bargarh,4 ,,Pre-Test,,B,B,,,,,,,,,1,1,,,,,,,,,2,20%
OD-Aug3_0047.jpg,August,Odisha,Balasore,3 ,,Pre-Test,,B,B, A,D,B, A, A,B,,,1,1,0,0,0,0,0,0,,,2,20%
OD-Aug3_0049.jpg,August,Odisha,Bargarh,4 ,More than 5 Years,Pre-Test,,,,,,B,,B, A,,,,,,,0,,1,1,,,2,20%
OD-AUG4_0018.jpg,August,Odisha,Balasore,3 ,More than 5 Years,Pre-Test,,D,,,, A,B,,,,,0,,,,1,1,,,,,2,20%
OD-AUG4_0019.jpg,August,Odisha,Balasore,3 ,More than 5 Years,Pre-Test,,B,, A,,,,,,,D,1,,0,,,,,,,1,2,20%
OD-AUG4_0021.jpg,August,Odisha,Balasore,3 ,3 to 5 Year,Pre-Test,,B,,,,,,B,,,,1,,,,,,1,,,,2,20%
OD-AUG4_0024.jpg,August,Odisha,Balasore,3 ,3 to 5 Year,Pre-Test,,,,,,,,, A,C,,,,,,,,,1,1,,2,20%
OD-AUG4_0027.jpg,August,Odisha,Balasore,3 ,,Pre-Test,,B,B, A, A,,,,,,,1,1,0,0,,,,,,,2,20%
OD-AUG4_0030.jpg,August,Odisha,Balasore,3 ,More than 5 Years,Pre-Test,,,D,C,D,B, A,,,D,D,,0,1,0,0,0,,,0,1,2,20%
OD-AUG4_0036.jpg,August,Odisha,Balasore,3 ,,Pre-Test,,,,,,, A,, A,C,,,,,,,0,,1,1,,2,20%
OD-AUG4_0039.jpg,August,Odisha,Balasore,3 ,More than 5 Years,Pre-Test,,B,D,D,, A, A,,,,,1,0,0,,1,0,,,,,2,20%
OD-AUG4_0040.jpg,August,Odisha,Balasore,3 ,More than 5 Years,Pre-Test,,B,B, A, A,,,,,,,1,1,0,0,,,,,,,2,20%
OD-AUG5_0009.jpg,August,Odisha,Balasore,3 ,,Pre-Test,,,B,C,,,,,,,,,1,1,,,,,,,,2,20%
OD-AUG5_0032.jpg,August,Odisha,Balasore,3 ,More than 5 Years,Pre-Test,,,B,,, A,,,,,,,1,,,1,,,,,,2,20%
OD-AUG5_0034.jpg,August,Odisha,Balasore,3 ,More than 5 Years,Pre-Test,,B,B,,,, A,,,,,1,1,,,,0,,,,,2,20%
OD-AUG5_0037.jpg,August,Odisha,Balasore,3 ,,Pre-Test,,B,B,,,,,,,,,1,1,,,,,,,,,2,20%
OD-AUG5_0079.jpg,August,Odisha,Rayagada,26 ,3 to 5 Year,Pre-Test,,B,B,,,B,,,,,,1,1,,,0,,,,,,2,20%
OD-AUG5_0083.jpg,August,Odisha,Bhadrak,5 ,More than 5 Years,Pre-Test,, A,B,C,D,,,,,, A,0,1,1,0,,,,,,0,2,20%
OD-AUG5_0128.jpg,August,Odisha,Balangir,2 ,More than 5 Years,Pre-Test,,,, A,,,,, A,C,,,,0,,,,,1,1,,2,20%
OD-AUG5_0131.jpg,August,Odisha,Rayagada,26 ,More than 5 Years,Pre-Test,,B,B,D,D,, A,D,C,B, A,1,1,0,0,,0,0,0,0,0,2,20%
OD-AUG5_0136.jpg,August,Odisha,Rayagada,26 ,,Pre-Test,, A,B,C,D,B, A,C,D,D,,0,1,1,0,0,0,0,0,0,,2,20%
OD-AUG5_0138.jpg,August,Odisha,Rayagada,26 ,More than 5 Years,Pre-Test,,B,B,D,C,B, A,D,,,,1,1,0,0,0,0,0,,,,2,20%
OD-Jul1_0003.jpg,July,Odisha,Balangir,2,1 to 3 Year,Pre-Test,,,B,D,D,B, A,,,D,D,,1,0,0,0,0,,,0,1,2,20%
OD-Jul1_0038.jpg,July,Odisha,Balangir,2,3 to 5 Year,Pre-Test,,B,,,D,, A,,,,D,1,,,0,,0,,,,1,2,20%
OD-Jul1_0043.jpg,July,Odisha,Balangir,2 ,More than 5 Years,Pre-Test,,B,,,,,,C,,C,,1,,,,,,0,,1,,2,20%
OD-Jul2_0006.jpg,July,Odisha,Sambalpur,27,,Pre-Test,,,,,,,,,,C,D,,,,,,,,,1,1,2,20%
OD-Jul2_0022.jpg,July,Odisha,Sambalpur,27,,Pre-Test,,C, A,C,,B,,C,,C,,0,0,1,,0,,0,,1,,2,20%
OD-Jul2_0024.jpg,July,Odisha,Sambalpur,27,,Pre-Test,,C, A,C,C,,B,D,B, A,B,0,0,1,0,,1,0,0,0,0,2,20%
OD-Jul2_0026.jpg,July,Odisha,Sambalpur,27,More than 5 Years,Pre-Test,,B,,C,,,,,,,,1,,1,,,,,,,,2,20%
OD-Jul2_0049.jpg,July,Odisha,Sambalpur,27,1 to 3 Year,Pre-Test,,B,D,C,D,B, A,,C,B,C,1,0,1,0,0,0,,0,0,0,2,20%
OD-Jul2_0054.jpg,July,Odisha,Sambalpur,27,More than 5 Years,Pre-Test,,,,,, A,B,C,,B,C,,,,,1,1,0,,0,0,2,20%
OD-Jul2_0064.jpg,July,Odisha,Sambalpur,27,More than 5 Years,Pre-Test,,B,,,,,,,,C,,1,,,,,,,,1,,2,20%
OD-Jul2_0068.jpg,July,Odisha,Sambalpur,27,More than 5 Years,Pre-Test,,B, A,B,C,,B,C,B, A,C,1,0,0,0,,1,0,0,0,0,2,20%
OD-Jul2_0124.jpg,July,Odisha,Sambalpur,27,1 to 3 Year,Pre-Test,,, A,B,C,B,B,B,B, A,C,,0,0,0,0,1,1,0,0,0,2,20%
OD-Jul2_0127.jpg,July,Odisha,Sambalpur,27,More than 5 Years,Pre-Test,,C, A,C,B,B, A, A,C,B,C,0,0,1,1,0,0,0,0,0,0,2,20%
OD-Jul2_0128.jpg,July,Odisha,Balangir,2 ,More than 5 Years,Pre-Test,,B,C,D,D,B, A,,,D,D,1,0,0,0,0,0,,,0,1,2,20%
OD-Jul2_0129.jpg,July,Odisha,Sambalpur,27,,Pre-Test,,,B,,, A,,,,,,,1,,,1,,,,,,2,20%
OD-Jul2_0131.jpg,July,Odisha,Sambalpur,27,,Pre-Test,,B,,,D,B, A,D,,D,D,1,,,0,0,0,0,,0,1,2,20%
OD-Jul2_0134.jpg,July,Odisha,Sambalpur,27,More than 5 Years,Pre-Test,,,,C,,B, A,D,,,D,,,1,,0,0,0,,,1,2,20%
OD-Jul2_0183.jpg,July,Odisha,Balangir,2,More than 5 Years,Pre-Test,,,,,,B, A,,,C,D,,,,,0,0,,,1,1,2,20%
OD-Jul2_0191.jpg,July,Odisha,Balangir,2 ,Less than 1 Year,Pre-Test,,,B,C,C,,,,,D,,,1,1,0,,,,,0,,2,20%
OD-Jul2_0198.jpg,July,Odisha,Balangir,2 ,More than 5 Years,Pre-Test,,B,C,D,C,B, A,C,D,D,D,1,0,0,0,0,0,0,0,0,1,2,20%
OD-Jul2_0201.jpg,July,Odisha,Balangir,2,More than 5 Years,Pre-Test,,B, A,C,C,B, A, A,C,B, A,1,0,1,0,0,0,0,0,0,0,2,20%
OD-Jul2_0202.jpg,July,Odisha,Sambalpur,27,1 to 3 Year,Pre-Test,,B, A,C,C,B, A, A,B,B,C,1,0,1,0,0,0,0,0,0,0,2,20%
OD-Jul2_0213.jpg,July,Odisha,Balangir,2 ,,Pre-Test,,C, A,C,C,B,B, A,B,D,C,0,0,1,0,0,1,0,0,0,0,2,20%
OD-Jul2_0221.jpg,July,Odisha,Balangir,2,3 to 5 Year,Pre-Test,,B,,B, A,,,,,,D,1,,0,0,,,,,,1,2,20%
OD-Jul2_0256.jpg,July,Odisha,Sambalpur,27,More than 5 Years,Pre-Test,,, A,C,D, A,,,,,C,,0,1,0,1,,,,,0,2,20%
JH-Aug-1_0015.jpg,August,Jharkhand,Giridih,38 ,,Pre-Test,,,A,,,,,B,A,,,,0,,,,,1,1,,,2,20%
JH-Aug-1_0030.jpg,August,Jharkhand,Giridih,38 ,,Pre-Test,,B,,,,A,,,,,,1,,,,1,,,,,,2,20%
JH-Aug-1_0031.jpg,August,Jharkhand,Giridih,38 ,,Pre-Test,,,,,,A,,B,,B,,,,,,1,,1,,0,,2,20%
JH-Aug-1_0081.jpg,July,Jharkhand,Bokaro,31 ,,Pre-Test,,,B,,C,,,B,D,B,,,1,,0,,,1,0,0,,2,20%
JH-Aug-1_0082.jpg,July,Jharkhand,Bokaro,31 ,More than 5 Years,Pre-Test,,,,,C,,,A,,,D,,,,0,,,0,,,1,1,10%
JH-Aug-1_0092.jpg,July,Jharkhand,Bokaro,31 ,,Pre-Test,,,,C,,A,,,D,,D,,,1,,1,,,0,,1,3,30%
JH-Aug-1_0103.jpg,July,Jharkhand,Bokaro,31 ,,Pre-Test,,,,A,,,A,,D,,D,,,0,,,0,,0,,1,1,10%
JH-Aug-1_0137.jpg,August,Jharkhand,Bokaro,31 ,,Pre-Test,,C,B,,,,,,,B,,0,1,,,,,,,0,,1,10%
JH-Aug-1_0146.jpg,July,Jharkhand,Dhanbad,34 ,,Pre-Test,,B,D,,,A,,,,B,,1,0,,,1,,,,0,,2,20%
JH-Aug-1_0147.jpg,August,Jharkhand,Giridih,38 ,,Pre-Test,,C,A,,,,,,B,D,D,0,0,,,,,,0,0,1,1,10%
JH-Aug-1_0153.jpg,August,Jharkhand,Bokaro,31 ,,Pre-Test,,B,,,,,A,B,C,D,B,1,,,,,0,1,0,0,0,2,20%
JH-Aug-1_0228.jpg,July,Jharkhand,Hazaribagh,41 ,More than 5 Years,Pre-Test,,B,,B,B,,,,,,,1,,0,1,,,,,,,2,20%
JH-Aug-1_0231.jpg,July,Jharkhand,Hazaribagh,41 ,,Pre-Test,,,,C,,,,,,,D,,,1,,,,,,,1,2,20%
JH-Aug-1_0271.jpg,July,Jharkhand,Hazaribagh,41 ,,Pre-Test,,,D,C,D,,,,D,,D,,0,1,0,,,,0,,1,2,20%
JH-Aug-1_0287.jpg,July,Jharkhand,Hazaribagh,41 ,,Pre-Test,,C,C,C,A,,A,,C,,,0,0,1,0,,0,,0,,,1,10%
JH-Aug-1_0291.jpg,July,Jharkhand,Hazaribagh,41 ,More than 5 Years,Pre-Test,,B,,C,C,,A,,,,,1,,1,0,,0,,,,,2,20%
JH-Aug-1_0327.jpg,July,Jharkhand,Dhanbad,34 ,More than 5 Years,Pre-Test,,B,D,,,,,,B,,D,1,0,,,,,,0,,1,2,20%
JH-Aug-1_0391.jpg,August,Jharkhand,Giridih,38 ,,Pre-Test,,,B,,B,,,,D,B,,,1,,1,,,,0,0,,2,20%
JH-Aug-1_0399.jpg,August,Jharkhand,Giridih,38 ,,Pre-Test,,,,C,D,A,A,,,,,,,1,0,1,0,,,,,2,20%
JH-Aug-1_0400.jpg,August,Jharkhand,Giridih,38 ,More than 5 Years,Pre-Test,,B,D,,,,,C,,B,D,1,0,,,,,0,,0,1,2,20%
JH-Aug-1_0526.jpg,August,Jharkhand,Dhanbad,34 ,,Pre-Test,,C,,,,,B,,,B,B,0,,,,,1,,,0,0,1,10%
JH-Aug-1_0530.jpg,August,Jharkhand,Giridih,38 ,More than 5 Years,Pre-Test,,B,D,C,,,,,,,,1,0,1,,,,,,,,2,20%
JH-Aug-1_0534.jpg,August,Jharkhand,Dhanbad,34 ,,Pre-Test,,,,C,D,A,,,,,,,,1,0,1,,,,,,2,20%
JH-Aug-1_0557.jpg,August,Jharkhand,Dhanbad,34 ,3 to 5 Year,Pre-Test,,B,,A,,,,,,,,1,,0,,,,,,,,1,10%
JH-Aug-1_0583.jpg,August,Jharkhand,Dhanbad,34 ,1 to 3 Year,Pre-Test,,,,,,,,,A,,D,,,,,,,,1,,1,2,20%
JH-Aug-1_0584.jpg,August,Jharkhand,Jamtara,42 ,More than 5 Years,Pre-Test,,B,A,C,C,,,,,,,1,0,1,0,,,,,,,2,20%
JH-Aug-1_0596.jpg,August,Jharkhand,Dhanbad,34 ,,Pre-Test,,,B,C,,,,,,,,,1,1,,,,,,,,2,20%
JH-Aug-1_0600.jpg,August,Jharkhand,Jamtara,42 ,More than 5 Years,Pre-Test,,C,B,,,,,,,,,0,1,,,,,,,,,1,10%
JH-Aug-1_0615.jpg,August,Jharkhand,Jamtara,42 ,More than 5 Years,Pre-Test,,,,C,,,,,,,D,,,1,,,,,,,1,2,20%
JH-Aug-1_0643.jpg,August,Jharkhand,Giridih,38 ,More than 5 Years,Pre-Test,,,,,,A,,B,,,,,,,,1,,1,,,,2,20%
JH-Aug-1_0653.jpg,August,Jharkhand,Giridih,38 ,More than 5 Years,Pre-Test,,,,,B,A,,,,,,,,,1,1,,,,,,2,20%
JH-Aug-1_0676.jpg,August,Jharkhand,Giridih,38 ,Less than 1 Year,Pre-Test,,B,,A,C,,,,,,,1,,0,0,,,,,,,1,10%
JH-Aug-1_0688.jpg,August,Jharkhand,Giridih,38 ,3 to 5 Year,Pre-Test,,D,,C,,,B,,D,,,0,,1,,,1,,0,,,2,20%
JH-Aug-1_0704.jpg,August,Jharkhand,Giridih,38 ,More than 5 Years,Pre-Test,,B,C,D,C,,A,D,D,A,D,1,0,0,0,,0,0,0,0,1,2,20%
JH-Aug-1_0715.jpg,August,Jharkhand,Giridih,38 ,1 to 3 Year,Pre-Test,,,,,A,A,A,A,,,,,,,0,1,0,0,,,,1,10%
JH-Aug-1_0775.jpg,August,Jharkhand,Giridih,38 ,,Pre-Test,,C,,D,,,,,,,D,0,,0,,,,,,,1,1,10%
JH-Aug-1_0791.jpg,August,Jharkhand,Giridih,38 ,More than 5 Years,Pre-Test,,B,C,B,,,A,,D,A,D,1,0,0,,,0,,0,0,1,2,20%
JH-Aug-1_0802.jpg,August,Jharkhand,Giridih,38 ,,Pre-Test,,,,,,,,B,A,,,,,,,,,1,1,,,2,20%
JH-Aug-1_0818.jpg,August,Jharkhand,Dhanbad,34 ,,Pre-Test,,,D,,A,,B,,C,C,A,,0,,0,,1,,0,1,0,2,20%
JH-Aug-1_0825.jpg,August,Jharkhand,Dhanbad,34 ,More than 5 Years,Pre-Test,,B,,,,B,A,,,,,1,,,,0,0,,,,,1,10%
JH-Aug-1_0829.jpg,August,Jharkhand,Dhanbad,34 ,,Pre-Test,,,,,,,,A,A,B,D,,,,,,,0,1,0,1,2,20%
JH-Aug-1_0848.jpg,August,Jharkhand,Dhanbad,34 ,,Pre-Test,,C,,C,,,,,,,,0,,1,,,,,,,,1,10%
JH-Aug-1_0867.jpg,August,Jharkhand,Dhanbad,34 ,,Pre-Test,,B,,,C,,B,,,B,A,1,,,0,,1,,,0,0,2,20%
JH-Aug-1_0915.jpg,August,Jharkhand,Dhanbad,34 ,More than 5 Years,Pre-Test,,,,,,A,A,,,,D,,,,,1,0,,,,1,2,20%
JH-Aug-1_0980.jpg,August,Jharkhand,Dhanbad,34 ,3 to 5 Year,Pre-Test,,B,A,,D,,A,,D,D,D,1,0,,0,,0,,0,0,1,2,20%
JH-Aug-1_0983.jpg,August,Jharkhand,Dhanbad,34 ,3 to 5 Year,Pre-Test,,,D,A,,,,,A,B,,,0,0,,,,,1,0,,1,10%
JH-Aug-1_0991.jpg,August,Jharkhand,Dhanbad,34 ,More than 5 Years,Pre-Test,,C,C,C,,,,,,,C,0,0,1,,,,,,,0,1,10%
JH-Aug-2_0030.jpg,August,Jharkhand,Dhanbad,34 ,More than 5 Years,Pre-Test,,B,,,,,,B,B,,,1,,,,,,1,0,,,2,20%
JH-Aug-2_0038.jpg,August,Jharkhand,Dhanbad,34 ,More than 5 Years,Pre-Test,,C,,,,A,,,,,,0,,,,1,,,,,,1,10%
JH-Aug-2_0042.jpg,August,Jharkhand,Dhanbad,34 ,More than 5 Years,Pre-Test,,B,C,,B,B,A,,D,,,1,0,,1,0,0,,0,,,2,20%
OD-AUG2_0006.jpg,August,Odisha,Balangir,2 ,3 to 5 Year,Pre-Test,,B,D,B,C, A,,,D,D,D,1,0,0,0,1,,,0,0,1,3,30%
OD-AUG2_0115.jpg,August,Odisha,Balangir,2 ,More than 5 Years,Pre-Test,,,D,,, A,B,B,,,,,0,,,1,1,1,,,,3,30%
OD-AUG2_0116.jpg,August,Odisha,Balangir,2 ,More than 5 Years,Pre-Test,,B,B,,B,,,,,,,1,1,,1,,,,,,,3,30%
OD-AUG2_0148.jpg,August,Odisha,Balangir,2 ,More than 5 Years,Pre-Test,,B,,,, A,B, A,, A,,1,,,,1,1,0,,0,,3,30%
OD-AUG2_0151.jpg,August,Odisha,Balangir,2 ,More than 5 Years,Pre-Test,,B,B,,,, A,,D,D,D,1,1,,,,0,,0,0,1,3,30%
OD-Aug3_0046.jpg,August,Odisha,Bargarh,4 ,,Pre-Test,,B,D,,, A,B,,,,,1,0,,,1,1,,,,,3,30%
OD-AUG4_0055.jpg,August,Odisha,Balasore,3 ,,Pre-Test,,,B,,, A,,,,C,,,1,,,1,,,,1,,3,30%
OD-AUG4_0056.jpg,August,Odisha,Balasore,3 ,More than 5 Years,Pre-Test,,,,C,D,,B,,,B,D,,,1,0,,1,,,0,1,3,30%
OD-AUG5_0064.jpg,August,Odisha,Bhadrak,5 ,,Pre-Test,,,,C, A, A,B,,,,,,,1,0,1,1,,,,,3,30%
OD-AUG5_0076.jpg,August,Odisha,Bhadrak,5 ,,Pre-Test,,C,B,D, A, A,B,,,B,,0,1,0,0,1,1,,,0,,3,30%
OD-AUG5_0084.jpg,August,Odisha,Bhadrak,5 ,,Pre-Test,,,, A,,B, A,B, A,C,,,,0,,0,0,1,1,1,,3,30%
OD-AUG5_0085.jpg,August,Odisha,Bhadrak,5 ,,Pre-Test,,B,B,C,D,B,,,,,,1,1,1,0,0,,,,,,3,30%
OD-Jul1_0039.jpg,July,Odisha,Balangir,2 ,1 to 3 Year,Pre-Test,,B,B,C, A,B, A, A,C,,,1,1,1,0,0,0,0,0,,,3,30%
OD-Jul1_0041.jpg,July,Odisha,Balangir,2,More than 5 Years,Pre-Test,,B,D,D,D, A,B,,D,,,1,0,0,0,1,1,,0,,,3,30%
OD-Jul2_0007.jpg,July,Odisha,Sambalpur,27,,Pre-Test,,B,C,C,D,,B,,,,,1,0,1,0,,1,,,,,3,30%
OD-Jul2_0014.jpg,July,Odisha,Sambalpur,27,,Pre-Test,,C,B,,,,,,B,C,D,0,1,,,,,,0,1,1,3,30%
OD-Jul2_0021.jpg,July,Odisha,Sambalpur,27,,Pre-Test,,C, A,C,,,,C, A,C,,0,0,1,,,,0,1,1,,3,30%
OD-Jul2_0025.jpg,July,Odisha,Sambalpur,27,,Pre-Test,,B, A,C, A,,B, A,B, A,C,1,0,1,0,,1,0,0,0,0,3,30%
OD-Jul2_0051.jpg,July,Odisha,Sambalpur,27,More than 5 Years,Pre-Test,,B,D,B,D, A,B,D,C,B,C,1,0,0,0,1,1,0,0,0,0,3,30%
OD-Jul2_0063.jpg,July,Odisha,Sambalpur,27,More than 5 Years,Pre-Test,,B,D,B,D, A,B,C,C,B,C,1,0,0,0,1,1,0,0,0,0,3,30%
OD-Jul2_0080.jpg,July,Odisha,Sambalpur,27,More than 5 Years,Pre-Test,,B,,,,,,B,C,C,,1,,,,,,1,0,1,,3,30%
OD-Jul2_0139.jpg,July,Odisha,Sambalpur,27,1 to 3 Year,Pre-Test,,D,D,D,D, A,B,D,D,D,D,0,0,0,0,1,1,0,0,0,1,3,30%
OD-Jul2_0140.jpg,July,Odisha,Sambalpur,27,,Pre-Test,,B,,C,, A, A,,B,B,,1,,1,,1,0,,0,0,,3,30%
OD-Jul2_0143.jpg,July,Odisha,Balangir,2 ,,Pre-Test,,B,,,D,,B,,,,D,1,,,0,,1,,,,1,3,30%
OD-Jul2_0146.jpg,July,Odisha,Balangir,2 ,More than 5 Years,Pre-Test,,B,B,,,,,, A,,,1,1,,,,,,1,,,3,30%
OD-Jul2_0181.jpg,July,Odisha,Balangir,2,More than 5 Years,Pre-Test,,B,B,C,D,,,,D,,,1,1,1,0,,,,0,,,3,30%
OD-Jul2_0186.jpg,July,Odisha,Balangir,2,3 to 5 Year,Pre-Test,,B,B,D,,,,,D,,D,1,1,0,,,,,0,,1,3,30%
OD-Jul2_0200.jpg,July,Odisha,Sambalpur,27,3 to 5 Year,Pre-Test,,B, A,D,D,B, A,B, A,B,B,1,0,0,0,0,0,1,1,0,0,3,30%
OD-Jul2_0205.jpg,July,Odisha,Sambalpur,27,3 to 5 Year,Pre-Test,,B,B, A,C,B, A,C,B,C,C,1,1,0,0,0,0,0,0,1,0,3,30%
OD-Jul2_0206.jpg,July,Odisha,Balangir,2,,Pre-Test,,B,B, A, A, A, A, A,B,B, A,1,1,0,0,1,0,0,0,0,0,3,30%
OD-Jul2_0211.jpg,July,Odisha,Sambalpur,27,More than 5 Years,Pre-Test,,B, A, A,C, A,B,C,B, A,B,1,0,0,0,1,1,0,0,0,0,3,30%
OD-Jul2_0212.jpg,July,Odisha,Balangir,2,,Pre-Test,, A,B,C,D,B, A,B,B, A,C,0,1,1,0,0,0,1,0,0,0,3,30%
OD-Jul2_0215.jpg,July,Odisha,Sambalpur,27,,Pre-Test,,C, A, A,C, A,B, A,,,D,0,0,0,0,1,1,0,,,1,3,30%
OD-Jul2_0216.jpg,July,Odisha,Sambalpur,27,More than 5 Years,Pre-Test,,B,B, A,,,, A,,B,D,1,1,0,,,,0,,0,1,3,30%
OD-Jul2_0222.jpg,July,Odisha,Balangir,2 ,,Pre-Test,,,,B,, A,,C,,C,D,,,0,,1,,0,,1,1,3,30%
OD-Jul2_0223.jpg,July,Odisha,Balangir,2 ,,Pre-Test,,B,D,D,,B,B,D,,,D,1,0,0,,0,1,0,,,1,3,30%
OD-Jul2_0226.jpg,July,Odisha,Balangir,2 ,,Pre-Test,,B,B,C,,,,,,,,1,1,1,,,,,,,,3,30%
OD-Jul2_0233.jpg,July,Odisha,Balangir,2 ,3 to 5 Year,Pre-Test,,B, A, A,B, A, A,C,C,B,B,1,0,0,1,1,0,0,0,0,0,3,30%
OD-Jul2_0234.jpg,July,Odisha,Sambalpur,27,1 to 3 Year,Pre-Test,,B, A,B,C, A,B, A,B,B, A,1,0,0,0,1,1,0,0,0,0,3,30%
JH-Aug-1_0073.jpg,July,Jharkhand,Bokaro,31 ,,Pre-Test,,B,C,C,B,,,,,,,1,0,1,1,,,,,,,3,30%
JH-Aug-1_0079.jpg,July,Jharkhand,Bokaro,31 ,More than 5 Years,Pre-Test,,,A,C,,A,,,D,,D,,0,1,,1,,,0,,1,3,30%
JH-Aug-1_0087.jpg,July,Jharkhand,Bokaro,31 ,,Pre-Test,,B,A,A,A,B,A,A,D,B,A,1,0,0,0,0,0,0,0,0,0,1,10%
JH-Aug-1_0139.jpg,August,Jharkhand,Bokaro,31 ,,Pre-Test,,C,D,A,B,,,,A,B,,0,0,0,1,,,,1,0,,2,20%
JH-Aug-1_0149.jpg,August,Jharkhand,Bokaro,31 ,3 to 5 Year,Pre-Test,,B,D,C,C,,A,,,B,D,1,0,1,0,,0,,,0,1,3,30%
JH-Aug-1_0151.jpg,August,Jharkhand,Bokaro,31 ,,Pre-Test,,,,,,,,A,A,C,D,,,,,,,0,1,1,1,3,30%
JH-Aug-1_0152.jpg,August,Jharkhand,Giridih,38 ,More than 5 Years,Pre-Test,,,,C,A,,,B,A,B,,,,1,0,,,1,1,0,,3,30%
JH-Aug-1_0160.jpg,August,Jharkhand,Dhanbad,34 ,,Pre-Test,,,D,A,,A,A,B,C,,D,,0,0,,1,0,1,0,,1,3,30%
JH-Aug-1_0167.jpg,July,Jharkhand,Dhanbad,34 ,,Pre-Test,,C,C,B,,B,B,,C,B,D,0,0,0,,0,1,,0,0,1,2,20%
JH-Aug-1_0169.jpg,July,Jharkhand,Dhanbad,34 ,,Pre-Test,,,C,C,A,A,,B,B,,,,0,1,0,1,,1,0,,,3,30%
JH-Aug-1_0175.jpg,August,Jharkhand,Dhanbad,34 ,3 to 5 Year,Pre-Test,,,B,,,,B,,A,B,,,1,,,,1,,1,0,,3,30%
JH-Aug-1_0222.jpg,July,Jharkhand,Hazaribagh,41 ,More than 5 Years,Pre-Test,,B,D,A,,B,A,C,B,A,D,1,0,0,,0,0,0,0,0,1,2,20%
JH-Aug-1_0234.jpg,July,Jharkhand,Hazaribagh,41 ,,Pre-Test,,B,C,,,,,B,C,A,D,1,0,,,,,1,0,0,1,3,30%
JH-Aug-1_0276.jpg,August,Jharkhand,Bokaro,31 ,,Pre-Test,,B,D,,,,A,A,B,B,D,1,0,,,,0,0,0,0,1,2,20%
JH-Aug-1_0277.jpg,July,Jharkhand,Bokaro,31 ,,Pre-Test,,B,C,B,,,A,B,C,,D,1,0,0,,,0,1,0,,1,3,30%
JH-Aug-1_0284.jpg,July,Jharkhand,Bokaro,31 ,,Pre-Test,,C,,,,,,,,C,D,0,,,,,,,,1,1,2,20%
JH-Aug-1_0332.jpg,July,Jharkhand,Dhanbad,34 ,More than 5 Years,Pre-Test,,B,D,D,C,,,B,B,B,D,1,0,0,0,,,1,0,0,1,3,30%
JH-Aug-1_0344.jpg,July,Jharkhand,Hazaribagh,41 ,More than 5 Years,Pre-Test,,B,A,C,,,,B,C,D,A,1,0,1,,,,1,0,0,0,3,30%
JH-Aug-1_0357.jpg,July,Jharkhand,Hazaribagh,41 ,More than 5 Years,Pre-Test,,B,,C,,,,,,C,,1,,1,,,,,,1,,3,30%
JH-Aug-1_0369.jpg,August,Jharkhand,Giridih,38 ,1 to 3 Year,Pre-Test,,B,A,D,B,B,A,,,,,1,0,0,1,0,0,,,,,2,20%
JH-Aug-1_0423.jpg,August,Jharkhand,Giridih,38 ,,Pre-Test,,C,B,C,C,,,,,B,,0,1,1,0,,,,,0,,2,20%
JH-Aug-1_0424.jpg,August,Jharkhand,Giridih,38 ,,Pre-Test,,,B,,A,,B,B,,,,,1,,0,,1,1,,,,3,30%
JH-Aug-1_0554.jpg,August,Jharkhand,Dhanbad,34 ,,Pre-Test,,B,,C,A,,,A,,,,1,,1,0,,,0,,,,2,20%
JH-Aug-1_0590.jpg,August,Jharkhand,Jamtara,42 ,1 to 3 Year,Pre-Test,,,,,,B,,B,A,,,,,,,0,,1,1,,,2,20%
JH-Aug-1_0598.jpg,August,Jharkhand,Jamtara,42 ,,Pre-Test,,B,B,,,,,B,,,,1,1,,,,,1,,,,3,30%
JH-Aug-1_0617.jpg,August,Jharkhand,Jamtara,42 ,,Pre-Test,,,D,C,,,,A,D,B,D,,0,1,,,,0,0,0,1,2,20%
JH-Aug-1_0630.jpg,August,Jharkhand,Jamtara,42 ,More than 5 Years,Pre-Test,,,,A,A,B,,B,A,B,,,,0,0,0,,1,1,0,,2,20%
JH-Aug-1_0668.jpg,August,Jharkhand,Giridih,38 ,1 to 3 Year,Pre-Test,,,,C,,A,B,,D,B,,,,1,,1,1,,0,0,,3,30%
JH-Aug-1_0681.jpg,August,Jharkhand,Giridih,38 ,More than 5 Years,Pre-Test,,,,,,B,B,B,D,D,A,,,,,0,1,1,0,0,0,2,20%
JH-Aug-1_0691.jpg,August,Jharkhand,Giridih,38 ,More than 5 Years,Pre-Test,,,C,C,C,,,B,,B,D,,0,1,0,,,1,,0,1,3,30%
JH-Aug-1_0696.jpg,August,Jharkhand,Giridih,38 ,,Pre-Test,,,,C,,B,B,,,,,,,1,,0,1,,,,,2,20%
JH-Aug-1_0716.jpg,August,Jharkhand,Giridih,38 ,1 to 3 Year,Pre-Test,,B,C,,B,A,,C,,,,1,0,,1,1,,0,,,,3,30%
JH-Aug-1_0777.jpg,August,Jharkhand,Giridih,38 ,,Pre-Test,,B,,A,,B,,,,,,1,,0,,0,,,,,,1,10%
JH-Aug-1_0792.jpg,August,Jharkhand,Giridih,38 ,,Pre-Test,,B,C,,,A,A,,,B,D,1,0,,,1,0,,,0,1,3,30%
JH-Aug-1_0798.jpg,August,Jharkhand,Giridih,38 ,More than 5 Years,Pre-Test,,,,C,C,A,,,D,C,A,,,1,0,1,,,0,1,0,3,30%
JH-Aug-1_0811.jpg,August,Jharkhand,Giridih,38 ,3 to 5 Year,Pre-Test,,C,D,B,,B,,,D,,D,0,0,0,,0,,,0,,1,1,10%
JH-Aug-1_0812.jpg,August,Jharkhand,Dhanbad,34 ,3 to 5 Year,Pre-Test,,B,D,,C,A,A,A,C,B,D,1,0,,0,1,0,0,0,0,1,3,30%
JH-Aug-1_0857.jpg,August,Jharkhand,Dhanbad,34 ,More than 5 Years,Pre-Test,,B,,,,B,,B,,,,1,,,,0,,1,,,,2,20%
JH-Aug-1_0982.jpg,August,Jharkhand,Dhanbad,34 ,,Pre-Test,,B,,,,,B,,D,,D,1,,,,,1,,0,,1,3,30%
JH-Aug-2_0031.jpg,August,Jharkhand,Dhanbad,34 ,More than 5 Years,Pre-Test,,,C,B,C,A,A,B,,C,C,,0,0,0,1,0,1,,1,0,3,30%
JH-Aug-2_0041.jpg,August,Jharkhand,Dhanbad,34 ,More than 5 Years,Pre-Test,,B,,C,,,A,B,,,,1,,1,,,0,1,,,,3,30%
OD-AUG1_0010.jpg,August,Odisha,Balangir,2 ,More than 5 Years,Pre-Test,,B,D,D,B, A,B,,,,,1,0,0,1,1,1,,,,,4,40%
OD-AUG1_0015.jpg,August,Odisha,Balangir,2 ,1 to 3 Year,Pre-Test,,B,,C,B,, A,B,D, A, A,1,,1,1,,0,1,0,0,0,4,40%
OD-AUG1_0018.jpg,August,Odisha,Balangir,2 ,1 to 3 Year,Pre-Test,,B,C,,,B,B,, A,,D,1,0,,,0,1,,1,,1,4,40%
OD-AUG1_0023.jpg,August,Odisha,Balangir,2 ,More than 5 Years,Pre-Test,,,D,,, A,B, A, A,,D,,0,,,1,1,0,1,,1,4,40%
OD-AUG2_0109.jpg,August,Odisha,Balangir,2 ,1 to 3 Year,Pre-Test,,B,D,D,D, A,B,D,D,D,D,1,0,0,0,1,1,0,0,0,1,4,40%
OD-AUG2_0113.jpg,August,Odisha,Balangir,2 ,,Pre-Test,,B,B,D,D, A,B,D,D,,,1,1,0,0,1,1,0,0,,,4,40%
OD-AUG2_0114.jpg,August,Odisha,Balangir,2 ,More than 5 Years,Pre-Test,,B,B,D,, A,B,,,,,1,1,0,,1,1,,,,,4,40%
OD-AUG2_0147.jpg,August,Odisha,Balangir,2 ,More than 5 Years,Pre-Test,,B,B,,B, A,, A,,,,1,1,,1,1,,0,,,,4,40%
OD-Aug3_0044.jpg,August,Odisha,Balasore,3 ,,Pre-Test,,B,B,,, A,B, A,B, A,,1,1,,,1,1,0,0,0,,4,40%
OD-Aug3_0048.jpg,August,Odisha,Balasore,3 ,More than 5 Years,Pre-Test,,,B,C,B, A,,,, A,,,1,1,1,1,,,,0,,4,40%
OD-AUG5_0017.jpg,August,Odisha,Balasore,3 ,More than 5 Years,Pre-Test,,D,B,C,D, A,B,C,C,B,,0,1,1,0,1,1,0,0,0,,4,40%
OD-AUG5_0133.jpg,August,Odisha,Bargarh,4 ,,Pre-Test,,B,B,,, A,,B,B,D, A,1,1,,,1,,1,0,0,0,4,40%
OD-AUG5_0134.jpg,August,Odisha,Nuapada,24 ,3 to 5 Year,Pre-Test,,B,D,B,B, A,B,,,,,1,0,0,1,1,1,,,,,4,40%
OD-AUG5_0149.jpg,August,Odisha,Rayagada,26 ,,Pre-Test,,B,B,C,,,,, A,,,1,1,1,,,,,1,,,4,40%
OD-Jul1_0044.jpg,July,Odisha,Sambalpur,27,,Pre-Test,,B,B,C,D,B, A,C,B,,D,1,1,1,0,0,0,0,0,,1,4,40%
OD-Jul2_0055.jpg,July,Odisha,Sambalpur,27,More than 5 Years,Pre-Test,,B,B,C,C,B,B,C,B,B,C,1,1,1,0,0,1,0,0,0,0,4,40%
OD-Jul2_0067.jpg,July,Odisha,Sambalpur,27,More than 5 Years,Pre-Test,,B,C,B,C, A,B,C,B,C,B,1,0,0,0,1,1,0,0,1,0,4,40%
OD-Jul2_0069.jpg,July,Odisha,Sambalpur,27,3 to 5 Year,Pre-Test,,B,B, A,C, A,B, A,,B,C,1,1,0,0,1,1,0,,0,0,4,40%
OD-Jul2_0123.jpg,July,Odisha,Sambalpur,27,,Pre-Test,,B, A, A,C, A,B,C,B, A,D,1,0,0,0,1,1,0,0,0,1,4,40%
OD-Jul2_0130.jpg,July,Odisha,Sambalpur,27,More than 5 Years,Pre-Test,,B,D,,D, A,B,D,,,D,1,0,,0,1,1,0,,,1,4,40%
OD-Jul2_0141.jpg,July,Odisha,Balangir,2 ,1 to 3 Year,Pre-Test,,B,B,, A, A, A,C,,,D,1,1,,0,1,0,0,,,1,4,40%
OD-Jul2_0187.jpg,July,Odisha,Balangir,2,,Pre-Test,,,,,, A,B,,,C,D,,,,,1,1,,,1,1,4,40%
OD-Jul2_0192.jpg,July,Odisha,Balangir,2,Less than 1 Year,Pre-Test,,B,,,, A,,C,D,C,D,1,,,,1,,0,0,1,1,4,40%
OD-Jul2_0196.jpg,July,Odisha,Balangir,2 ,Less than 1 Year,Pre-Test,,B,B,,D, A,,C,,D,D,1,1,,0,1,,0,,0,1,4,40%
OD-Jul2_0197.jpg,July,Odisha,Balangir,2 ,More than 5 Years,Pre-Test,,B,B,D,C, A,B,D,C, A, A,1,1,0,0,1,1,0,0,0,0,4,40%
OD-Jul2_0207.jpg,July,Odisha,Sambalpur,27,More than 5 Years,Pre-Test,,B,C,C, A, A,B, A,C, A,C,1,0,1,0,1,1,0,0,0,0,4,40%
OD-Jul2_0214.jpg,July,Odisha,Balangir,2 ,,Pre-Test,,B,B,C,B,B, A,C,B, A,B,1,1,1,1,0,0,0,0,0,0,4,40%
OD-Jul2_0220.jpg,July,Odisha,Balangir,2 ,,Pre-Test,,B, A,B,B,B, A,B, A,B,C,1,0,0,1,0,0,1,1,0,0,4,40%
OD-Jul2_0227.jpg,July,Odisha,Balangir,2,More than 5 Years,Pre-Test,,B,D,,, A,B,,,,D,1,0,,,1,1,,,,1,4,40%
OD-Jul2_0231.jpg,July,Odisha,Balangir,2,More than 5 Years,Pre-Test,,B,C,C,, A, A,D,D,,D,1,0,1,,1,0,0,0,,1,4,40%
OD-Jul2_0232.jpg,July,Odisha,Sambalpur,27,1 to 3 Year,Pre-Test,,B, A,C, A, A, A,B,B,B,C,1,0,1,0,1,0,1,0,0,0,4,40%
OD-Jul2_0235.jpg,July,Odisha,Sambalpur,27,1 to 3 Year,Pre-Test,,B,B, A,C, A,B,C,B, A, A,1,1,0,0,1,1,0,0,0,0,4,40%
JH-Aug-1_0088.jpg,July,Jharkhand,Bokaro,31 ,More than 5 Years,Pre-Test,,B,C,C,C,B,B,D,D,D,A,1,0,1,0,0,1,0,0,0,0,3,30%
JH-Aug-1_0090.jpg,July,Jharkhand,Bokaro,31 ,More than 5 Years,Pre-Test,,B,C,,C,A,A,B,D,D,D,1,0,,0,1,0,1,0,0,1,4,40%
JH-Aug-1_0095.jpg,July,Jharkhand,Bokaro,31 ,More than 5 Years,Pre-Test,,B,,C,C,A,,B,D,D,,1,,1,0,1,,1,0,0,,4,40%
JH-Aug-1_0102.jpg,July,Jharkhand,Bokaro,31 ,,Pre-Test,,B,D,C,C,A,A,,D,,D,1,0,1,0,1,0,,0,,1,4,40%
JH-Aug-1_0170.jpg,August,Jharkhand,Dhanbad,34 ,,Pre-Test,,C,C,A,,B,B,,B,D,D,0,0,0,,0,1,,0,0,1,2,20%
JH-Aug-1_0232.jpg,July,Jharkhand,Hazaribagh,41 ,,Pre-Test,,B,,C,A,A,A,,D,B,D,1,,1,0,1,0,,0,0,1,4,40%
JH-Aug-1_0275.jpg,July,Jharkhand,Hazaribagh,41 ,,Pre-Test,,B,C,A,C,A,A,B,C,D,,1,0,0,0,1,0,1,0,0,,3,30%
JH-Aug-1_0279.jpg,July,Jharkhand,Hazaribagh,41 ,,Pre-Test,,B,D,C,C,B,A,,A,B,B,1,0,1,0,0,0,,1,0,0,3,30%
JH-Aug-1_0281.jpg,July,Jharkhand,Hazaribagh,41 ,1 to 3 Year,Pre-Test,,B,D,A,C,A,A,B,C,D,B,1,0,0,0,1,0,1,0,0,0,3,30%
JH-Aug-1_0283.jpg,July,Jharkhand,Hazaribagh,41 ,More than 5 Years,Pre-Test,,B,D,C,A,B,A,B,C,,,1,0,1,0,0,0,1,0,,,3,30%
JH-Aug-1_0286.jpg,July,Jharkhand,Hazaribagh,41 ,More than 5 Years,Pre-Test,,B,D,,,,A,B,B,C,D,1,0,,,,0,1,0,1,1,4,40%
JH-Aug-1_0340.jpg,August,Jharkhand,Ranchi,50 ,More than 5 Years,Pre-Test,,B,C,C,D,A,A,A,D,B,D,1,0,1,0,1,0,0,0,0,1,4,40%
JH-Aug-1_0343.jpg,August,Jharkhand,Hazaribagh,41 ,More than 5 Years,Pre-Test,,A,C,C,A,A,A,B,A,B,B,0,0,1,0,1,0,1,1,0,0,4,40%
JH-Aug-1_0345.jpg,August,Jharkhand,Ranchi,50 ,,Pre-Test,,B,D,C,D,,B,B,C,D,B,1,0,1,0,,1,1,0,0,0,4,40%
JH-Aug-1_0347.jpg,August,Jharkhand,Ranchi,50 ,More than 5 Years,Pre-Test,,B,D,C,A,B,A,B,B,B,D,1,0,1,0,0,0,1,0,0,1,4,40%
JH-Aug-1_0356.jpg,July,Jharkhand,Ranchi,50 ,,Pre-Test,,B,C,C,A,A,B,,,,,1,0,1,0,1,1,,,,,4,40%
JH-Aug-1_0367.jpg,August,Jharkhand,Giridih,38 ,,Pre-Test,,B,A,C,D,B,A,B,,,,1,0,1,0,0,0,1,,,,3,30%
JH-Aug-1_0370.jpg,August,Jharkhand,Giridih,38 ,More than 5 Years,Pre-Test,,B,A,C,B,A,,,,,,1,0,1,1,1,,,,,,4,40%
JH-Aug-1_0599.jpg,August,Jharkhand,Jamtara,42 ,,Pre-Test,,B,,,,,B,,,C,D,1,,,,,1,,,1,1,4,40%
JH-Aug-1_0606.jpg,August,Jharkhand,Jamtara,42 ,,Pre-Test,,B,D,C,,,,B,D,,D,1,0,1,,,,1,0,,1,4,40%
JH-Aug-1_0607.jpg,August,Jharkhand,Dhanbad,34 ,,Pre-Test,,B,B,,,,,B,A,,,1,1,,,,,1,1,,,4,40%
JH-Aug-1_0616.jpg,August,Jharkhand,Jamtara,42 ,3 to 5 Year,Pre-Test,,B,D,C,C,,,B,D,C,,1,0,1,0,,,1,0,1,,4,40%
JH-Aug-1_0620.jpg,August,Jharkhand,Dhanbad,34 ,More than 5 Years,Pre-Test,,,,,C,B,B,B,A,B,,,,,0,0,1,1,1,0,,3,30%
JH-Aug-1_0626.jpg,August,Jharkhand,Jamtara,42 ,More than 5 Years,Pre-Test,,B,,C,,,B,B,,,,1,,1,,,1,1,,,,4,40%
JH-Aug-1_0634.jpg,August,Jharkhand,Jamtara,42 ,,Pre-Test,,B,D,C,A,,,,A,,D,1,0,1,0,,,,1,,1,4,40%
JH-Aug-1_0670.jpg,August,Jharkhand,Giridih,38 ,,Pre-Test,,B,D,,,,B,B,D,,D,1,0,,,,1,1,0,,1,4,40%
JH-Aug-1_0672.jpg,August,Jharkhand,Giridih,38 ,More than 5 Years,Pre-Test,,C,C,C,C,,B,A,D,D,D,0,0,1,0,,1,0,0,0,1,3,30%
JH-Aug-1_0678.jpg,August,Jharkhand,Giridih,38 ,,Pre-Test,,,B,C,C,,B,B,,,,,1,1,0,,1,1,,,,4,40%
JH-Aug-1_0687.jpg,August,Jharkhand,Giridih,38 ,More than 5 Years,Pre-Test,,B,C,,C,A,B,B,D,B,A,1,0,,0,1,1,1,0,0,0,4,40%
JH-Aug-1_0701.jpg,August,Jharkhand,Giridih,38 ,More than 5 Years,Pre-Test,,B,,B,C,,B,B,D,C,,1,,0,0,,1,1,0,1,,4,40%
JH-Aug-1_0710.jpg,August,Jharkhand,Giridih,38 ,More than 5 Years,Pre-Test,,B,C,A,C,A,A,B,D,A,D,1,0,0,0,1,0,1,0,0,1,4,40%
JH-Aug-1_0712.jpg,August,Jharkhand,Giridih,38 ,,Pre-Test,,B,C,C,,A,B,,D,,,1,0,1,,1,1,,0,,,4,40%
JH-Aug-1_0787.jpg,August,Jharkhand,Giridih,38 ,,Pre-Test,,B,B,,C,,A,B,D,A,D,1,1,,0,,0,1,0,0,1,4,40%
JH-Aug-1_0805.jpg,August,Jharkhand,Giridih,38 ,,Pre-Test,,,D,A,C,A,B,B,A,A,A,,0,0,0,1,1,1,1,0,0,4,40%
JH-Aug-1_0806.jpg,August,Jharkhand,Giridih,38 ,,Pre-Test,,B,B,,C,,,B,C,,D,1,1,,0,,,1,0,,1,4,40%
JH-Aug-1_0828.jpg,August,Jharkhand,Dhanbad,34 ,More than 5 Years,Pre-Test,,B,,,,A,A,A,A,B,D,1,,,,1,0,0,1,0,1,4,40%
JH-Aug-1_0830.jpg,August,Jharkhand,Dhanbad,34 ,More than 5 Years,Pre-Test,,B,B,C,A,,A,A,,B,D,1,1,1,0,,0,0,,0,1,4,40%
JH-Aug-1_0853.jpg,August,Jharkhand,Dhanbad,34 ,More than 5 Years,Pre-Test,,B,,,B,,B,,A,,,1,,,1,,1,,1,,,4,40%
JH-Aug-1_0868.jpg,August,Jharkhand,Dhanbad,34 ,,Pre-Test,,B,,,,A,B,,A,B,,1,,,,1,1,,1,0,,4,40%
JH-Aug-1_0899.jpg,August,Jharkhand,Dhanbad,34 ,,Pre-Test,,B,D,C,C,A,A,,A,,A,1,0,1,0,1,0,,1,,0,4,40%
JH-Aug-1_0973.jpg,August,Jharkhand,Dhanbad,34 ,,Pre-Test,,B,A,C,C,A,A,B,D,B,,1,0,1,0,1,0,1,0,0,,4,40%
JH-Aug-1_0978.jpg,August,Jharkhand,Dhanbad,34 ,More than 5 Years,Pre-Test,,B,C,C,D,A,A,B,B,,,1,0,1,0,1,0,1,0,,,4,40%
JH-Aug-2_0025.jpg,August,Jharkhand,Dhanbad,34 ,,Pre-Test,,B,C,C,,A,A,B,B,B,,1,0,1,,1,0,1,0,0,,4,40%
JH-Aug-2_0035.jpg,August,Jharkhand,Dhanbad,34 ,More than 5 Years,Pre-Test,,B,B,,C,A,A,B,D,D,A,1,1,,0,1,0,1,0,0,0,4,40%
JH-Aug-2_0040.jpg,August,Jharkhand,Dhanbad,34 ,More than 5 Years,Pre-Test,,B,,C,A,A,B,A,D,,A,1,,1,0,1,1,0,0,,0,4,40%
JH-Aug-2_0047.jpg,August,Jharkhand,Dhanbad,34 ,More than 5 Years,Pre-Test,,B,B,A,A,A,A,A,A,A,A,1,1,0,0,1,0,0,1,0,0,4,40%
JH-Aug-2_0048.jpg,August,Jharkhand,Dhanbad,34 ,More than 5 Years,Pre-Test,,B,B,A,,A,B,C,B,,A,1,1,0,,1,1,0,0,,0,4,40%
JH-Aug-2_0052.jpg,August,Jharkhand,Dhanbad,34 ,,Pre-Test,,B,B,A,A,A,A,A,A,A,A,1,1,0,0,1,0,0,1,0,0,4,40%
OD-AUG2_0004.jpg,August,Odisha,Balangir,2 ,1 to 3 Year,Pre-Test,,B,B,D,D, A,B,D,D,D,D,1,1,0,0,1,1,0,0,0,1,5,50%
OD-AUG2_0078.jpg,August,Odisha,Balangir,2 ,,Pre-Test,,B,B, A,D, A,B, A,B,D,D,1,1,0,0,1,1,0,0,0,1,5,50%
OD-AUG2_0089.jpg,August,Odisha,Balangir,2 ,More than 5 Years,Pre-Test,,B,B,,B, A,B,,,,,1,1,,1,1,1,,,,,5,50%
OD-AUG2_0190.jpg,August,Odisha,Bargarh,4 ,,Pre-Test,,B,B,C,, A,,B,,,,1,1,1,,1,,1,,,,5,50%
OD-AUG5_0119.jpg,August,Odisha,Bargarh,4 ,More than 5 Years,Pre-Test,,B,B,C,B, A, A, A,C,B, A,1,1,1,1,1,0,0,0,0,0,5,50%
OD-Jul2_0053.jpg,July,Odisha,Sambalpur,27,,Pre-Test,,B,B,D,D,B,B,C,B,C,D,1,1,0,0,0,1,0,0,1,1,5,50%
OD-Jul2_0059.jpg,July,Odisha,Sambalpur,27,More than 5 Years,Pre-Test,,B,B, A,B, A,B,C,C,B,C,1,1,0,1,1,1,0,0,0,0,5,50%
OD-Jul2_0070.jpg,July,Odisha,Sambalpur,27,3 to 5 Year,Pre-Test,,B,C,B,B, A,B,B,C,,,1,0,0,1,1,1,1,0,,,5,50%
OD-Jul2_0122.jpg,July,Odisha,Balangir,2 ,More than 5 Years,Pre-Test,,B,C,B,C, A, A, A, A,C,D,1,0,0,0,1,0,0,1,1,1,5,50%
OD-Jul2_0173.jpg,July,Odisha,Balangir,2,More than 5 Years,Pre-Test,,B,B,C,B,,,,,,D,1,1,1,1,,,,,,1,5,50%
OD-Jul2_0224.jpg,July,Odisha,Balangir,2,,Pre-Test,,B,B,C,D, A, A,C,D, A,D,1,1,1,0,1,0,0,0,0,1,5,50%
OD-Jul2_0236.jpg,July,Odisha,Sambalpur,27,More than 5 Years,Pre-Test,,B, A, A,C, A,B, A,,C,D,1,0,0,0,1,1,0,,1,1,5,50%
OD-Jul2_0238.jpg,July,Odisha,Sambalpur,27,3 to 5 Year,Pre-Test,,B, A,C,B,B, A, A, A,C,B,1,0,1,1,0,0,0,1,1,0,5,50%
JH-Aug-1_0083.jpg,July,Jharkhand,Bokaro,31 ,,Pre-Test,,B,B,A,C,A,A,B,D,B,A,1,1,0,0,1,0,1,0,0,0,4,40%
JH-Aug-1_0084.jpg,July,Jharkhand,Bokaro,31 ,3 to 5 Year,Pre-Test,,B,C,C,D,A,B,B,D,D,A,1,0,1,0,1,1,1,0,0,0,5,50%
JH-Aug-1_0085.jpg,August,Jharkhand,Bokaro,31 ,More than 5 Years,Pre-Test,,B,C,C,D,A,B,B,D,D,A,1,0,1,0,1,1,1,0,0,0,5,50%
JH-Aug-1_0093.jpg,July,Jharkhand,Bokaro,31 ,More than 5 Years,Pre-Test,,B,C,C,,B,,,D,C,D,1,0,1,,0,,,0,1,1,4,40%
JH-Aug-1_0096.jpg,August,Jharkhand,Bokaro,31 ,More than 5 Years,Pre-Test,,B,C,C,A,A,A,B,D,B,D,1,0,1,0,1,0,1,0,0,1,5,50%
JH-Aug-1_0101.jpg,July,Jharkhand,Bokaro,31 ,,Pre-Test,,B,,C,C,A,A,B,D,D,D,1,,1,0,1,0,1,0,0,1,5,50%
JH-Aug-1_0129.jpg,August,Jharkhand,Bokaro,31 ,1 to 3 Year,Pre-Test,,B,B,C,C,,A,,D,C,D,1,1,1,0,,0,,0,1,1,5,50%
JH-Aug-1_0142.jpg,August,Jharkhand,Bokaro,31 ,,Pre-Test,,B,B,A,C,B,,,D,C,,1,1,0,0,0,,,0,1,,3,30%
JH-Aug-1_0145.jpg,July,Jharkhand,Giridih,38 ,More than 5 Years,Pre-Test,,B,B,C,A,A,B,,B,B,A,1,1,1,0,1,1,,0,0,0,5,50%
JH-Aug-1_0164.jpg,August,Jharkhand,Dhanbad,34 ,More than 5 Years,Pre-Test,,B,D,A,C,A,B,B,D,B,D,1,0,0,0,1,1,1,0,0,1,5,50%
JH-Aug-1_0268.jpg,July,Jharkhand,Hazaribagh,41 ,,Pre-Test,,B,D,A,A,A,B,B,D,B,D,1,0,0,0,1,1,1,0,0,1,5,50%
JH-Aug-1_0278.jpg,July,Jharkhand,Hazaribagh,41 ,1 to 3 Year,Pre-Test,,C,C,C,D,A,A,B,B,B,D,0,0,1,0,1,0,1,0,0,1,4,40%
JH-Aug-1_0280.jpg,July,Jharkhand,Hazaribagh,41 ,1 to 3 Year,Pre-Test,,B,C,C,A,A,A,B,C,B,D,1,0,1,0,1,0,1,0,0,1,5,50%
JH-Aug-1_0285.jpg,July,Jharkhand,Hazaribagh,41 ,3 to 5 Year,Pre-Test,,B,C,C,,,A,B,A,B,D,1,0,1,,,0,1,1,0,1,5,50%
JH-Aug-1_0333.jpg,July,Jharkhand,Dhanbad,34 ,More than 5 Years,Pre-Test,,C,D,C,C,A,B,B,,B,D,0,0,1,0,1,1,1,,0,1,5,50%
JH-Aug-1_0334.jpg,July,Jharkhand,Dhanbad,34 ,More than 5 Years,Pre-Test,,B,,B,C,B,B,,A,C,D,1,,0,0,0,1,,1,1,1,5,50%
JH-Aug-1_0337.jpg,August,Jharkhand,Hazaribagh,41 ,3 to 5 Year,Pre-Test,,B,C,C,B,,,,B,C,D,1,0,1,1,,,,0,1,1,5,50%
JH-Aug-1_0339.jpg,August,Jharkhand,Ranchi,50 ,More than 5 Years,Pre-Test,,B,C,C,A,A,A,B,D,B,D,1,0,1,0,1,0,1,0,0,1,5,50%
JH-Aug-1_0341.jpg,August,Jharkhand,Ranchi,50 ,,Pre-Test,,B,C,C,C,A,A,B,C,B,D,1,0,1,0,1,0,1,0,0,1,5,50%
JH-Aug-1_0346.jpg,July,Jharkhand,Hazaribagh,41 ,More than 5 Years,Pre-Test,,B,C,C,A,A,A,B,C,A,D,1,0,1,0,1,0,1,0,0,1,5,50%
JH-Aug-1_0348.jpg,July,Jharkhand,Ranchi,50 ,,Pre-Test,,B,A,C,A,A,A,B,C,B,D,1,0,1,0,1,0,1,0,0,1,5,50%
JH-Aug-1_0349.jpg,July,Jharkhand,Ranchi,50 ,,Pre-Test,,B,A,A,B,A,A,B,D,D,B,1,0,0,1,1,0,1,0,0,0,4,40%
JH-Aug-1_0350.jpg,July,Jharkhand,Ranchi,50 ,,Pre-Test,,B,B,C,C,,,B,C,B,D,1,1,1,0,,,1,0,0,1,5,50%
JH-Aug-1_0351.jpg,July,Jharkhand,Ranchi,50 ,More than 5 Years,Pre-Test,,B,D,C,C,A,A,B,A,A,A,1,0,1,0,1,0,1,1,0,0,5,50%
JH-Aug-1_0375.jpg,August,Jharkhand,Giridih,38 ,,Pre-Test,,B,B,C,C,A,A,A,B,,D,1,1,1,0,1,0,0,0,,1,5,50%
JH-Aug-1_0393.jpg,August,Jharkhand,Giridih,38 ,More than 5 Years,Pre-Test,,B,B,C,A,A,A,A,,B,D,1,1,1,0,1,0,0,,0,1,5,50%
JH-Aug-1_0523.jpg,August,Jharkhand,Dhanbad,34 ,1 to 3 Year,Pre-Test,,,D,C,A,A,B,B,C,C,A,,0,1,0,1,1,1,0,1,0,5,50%
JH-Aug-1_0541.jpg,August,Jharkhand,Dhanbad,34 ,,Pre-Test,,B,B,A,,A,A,C,,B,D,1,1,0,,1,0,0,,0,1,4,40%
JH-Aug-1_0585.jpg,August,Jharkhand,Jamtara,42 ,,Pre-Test,,,C,,C,A,B,B,A,B,D,,0,,0,1,1,1,1,0,1,5,50%
JH-Aug-1_0610.jpg,August,Jharkhand,Dhanbad,34 ,More than 5 Years,Pre-Test,,B,,C,,,,B,,C,D,1,,1,,,,1,,1,1,5,50%
JH-Aug-1_0612.jpg,August,Jharkhand,Jamtara,42 ,More than 5 Years,Pre-Test,,B,C,C,C,A,B,B,D,B,,1,0,1,0,1,1,1,0,0,,5,50%
JH-Aug-1_0623.jpg,August,Jharkhand,Jamtara,42 ,More than 5 Years,Pre-Test,,B,,,A,A,A,,A,C,D,1,,,0,1,0,,1,1,1,5,50%
JH-Aug-1_0673.jpg,August,Jharkhand,Giridih,38 ,1 to 3 Year,Pre-Test,,B,D,,,A,B,B,D,,D,1,0,,,1,1,1,0,,1,5,50%
JH-Aug-1_0674.jpg,August,Jharkhand,Giridih,38 ,,Pre-Test,,B,C,C,A,B,B,B,D,B,D,1,0,1,0,0,1,1,0,0,1,5,50%
JH-Aug-1_0692.jpg,August,Jharkhand,Giridih,38 ,More than 5 Years,Pre-Test,,B,C,C,C,A,B,B,D,B,C,1,0,1,0,1,1,1,0,0,0,5,50%
JH-Aug-1_0693.jpg,August,Jharkhand,Giridih,38 ,More than 5 Years,Pre-Test,,B,C,D,C,B,B,B,D,C,C,1,0,0,0,0,1,1,0,1,0,4,40%
JH-Aug-1_0694.jpg,August,Jharkhand,Giridih,38 ,,Pre-Test,,B,B,,C,A,B,B,C,B,C,1,1,,0,1,1,1,0,0,0,5,50%
JH-Aug-1_0695.jpg,August,Jharkhand,Giridih,38 ,More than 5 Years,Pre-Test,,B,C,D,C,A,B,B,D,C,C,1,0,0,0,1,1,1,0,1,0,5,50%
JH-Aug-1_0697.jpg,August,Jharkhand,Giridih,38 ,More than 5 Years,Pre-Test,,B,,C,C,A,A,B,D,,D,1,,1,0,1,0,1,0,,1,5,50%
JH-Aug-1_0699.jpg,August,Jharkhand,Giridih,38 ,More than 5 Years,Pre-Test,,B,D,C,D,A,B,B,D,B,C,1,0,1,0,1,1,1,0,0,0,5,50%
JH-Aug-1_0702.jpg,August,Jharkhand,Giridih,38 ,More than 5 Years,Pre-Test,,B,D,B,C,,B,B,,C,D,1,0,0,0,,1,1,,1,1,5,50%
JH-Aug-1_0707.jpg,August,Jharkhand,Giridih,38 ,More than 5 Years,Pre-Test,,B,C,A,B,A,B,B,C,D,B,1,0,0,1,1,1,1,0,0,0,5,50%
JH-Aug-1_0709.jpg,August,Jharkhand,Giridih,38 ,More than 5 Years,Pre-Test,,C,C,,A,A,B,B,D,A,D,0,0,,0,1,1,1,0,0,1,4,40%
JH-Aug-1_0711.jpg,August,Jharkhand,Giridih,38 ,3 to 5 Year,Pre-Test,,B,C,A,,B,B,B,D,,D,1,0,0,,0,1,1,0,,1,4,40%
JH-Aug-1_0713.jpg,August,Jharkhand,Giridih,38 ,More than 5 Years,Pre-Test,,B,C,C,B,A,B,,,,,1,0,1,1,1,1,,,,,5,50%
JH-Aug-1_0776.jpg,August,Jharkhand,Giridih,38 ,,Pre-Test,,,B,,C,A,,B,A,A,D,,1,,0,1,,1,1,0,1,5,50%
JH-Aug-1_0781.jpg,August,Jharkhand,Giridih,38 ,,Pre-Test,,B,D,D,C,A,B,B,D,A,D,1,0,0,0,1,1,1,0,0,1,5,50%
JH-Aug-1_0799.jpg,August,Jharkhand,Giridih,38 ,More than 5 Years,Pre-Test,,,C,C,C,A,,B,A,C,A,,0,1,0,1,,1,1,1,0,5,50%
JH-Aug-1_0804.jpg,August,Jharkhand,Giridih,38 ,1 to 3 Year,Pre-Test,,A,C,C,C,A,B,B,A,B,A,0,0,1,0,1,1,1,1,0,0,5,50%
JH-Aug-1_0810.jpg,August,Jharkhand,Giridih,38 ,More than 5 Years,Pre-Test,,B,D,D,D,A,B,B,C,C,,1,0,0,0,1,1,1,0,1,,5,50%
JH-Aug-1_0850.jpg,August,Jharkhand,Dhanbad,34 ,More than 5 Years,Pre-Test,,B,D,C,C,,B,B,A,B,C,1,0,1,0,,1,1,1,0,0,5,50%
JH-Aug-1_0852.jpg,August,Jharkhand,Dhanbad,34 ,More than 5 Years,Pre-Test,,B,,,D,A,B,B,,C,,1,,,0,1,1,1,,1,,5,50%
JH-Aug-1_0856.jpg,August,Jharkhand,Dhanbad,34 ,,Pre-Test,,B,B,C,B,,,,A,,,1,1,1,1,,,,1,,,5,50%
JH-Aug-1_0870.jpg,August,Jharkhand,Dhanbad,34 ,1 to 3 Year,Pre-Test,,B,D,C,C,A,,B,A,B,C,1,0,1,0,1,,1,1,0,0,5,50%
JH-Aug-1_0902.jpg,August,Jharkhand,Dhanbad,34 ,,Pre-Test,,B,A,C,C,A,B,B,D,B,A,1,0,1,0,1,1,1,0,0,0,5,50%
JH-Aug-1_0984.jpg,August,Jharkhand,Dhanbad,34 ,More than 5 Years,Pre-Test,,B,C,,C,A,B,B,D,B,D,1,0,,0,1,1,1,0,0,1,5,50%
JH-Aug-1_0990.jpg,August,Jharkhand,Dhanbad,34 ,,Pre-Test,,B,C,C,C,A,B,B,D,B,,1,0,1,0,1,1,1,0,0,,5,50%
JH-Aug-2_0028.jpg,August,Jharkhand,Dhanbad,34 ,More than 5 Years,Pre-Test,,B,A,C,,A,A,B,D,C,A,1,0,1,,1,0,1,0,1,0,5,50%
JH-Aug-2_0029.jpg,August,Jharkhand,Dhanbad,34 ,More than 5 Years,Pre-Test,,B,C,A,,A,A,B,D,C,A,1,0,0,,1,0,1,0,1,0,4,40%
JH-Aug-2_0044.jpg,August,Jharkhand,Dhanbad,34 ,,Pre-Test,,B,A,B,B,A,B,B,B,B,B,1,0,0,1,1,1,1,0,0,0,5,50%
JH-Aug-2_0049.jpg,August,Jharkhand,Dhanbad,34 ,More than 5 Years,Pre-Test,,B,B,A,C,A,B,C,B,C,A,1,1,0,0,1,1,0,0,1,0,5,50%
JH-Aug-3_0001.jpg,August,Jharkhand,Dhanbad,34 ,3 to 5 Year,Pre-Test,,B,A,C,D,A,A,B,B,D,D,1,0,1,0,1,0,1,0,0,1,5,50%
OD-AUG2_0132.jpg,August,Odisha,Balangir,2 ,More than 5 Years,Pre-Test,,B,B,C,B,,B,B,,,,1,1,1,1,,1,1,,,,6,60%
OD-AUG2_0153.jpg,August,Odisha,Balangir,2 ,More than 5 Years,Pre-Test,,B,B,C,B, A,B,,, A,,1,1,1,1,1,1,,,0,,6,60%
OD-AUG5_0002.jpg,August,Odisha,Balasore,3 ,More than 5 Years,Pre-Test,,,B,C,,,,B, A,C,D,,1,1,,,,1,1,1,1,6,60%
OD-AUG5_0087.jpg,August,Odisha,Boudh,6 ,More than 5 Years,Pre-Test,,B,,,B, A,B,B,C,B,D,1,,,1,1,1,1,0,0,1,6,60%
OD-Jul1_0045.jpg,July,Odisha,Balangir,2,More than 5 Years,Pre-Test,,D,B,C,B, A,B,B,,,,0,1,1,1,1,1,1,,,,6,60%
OD-Jul2_0060.jpg,July,Odisha,Sambalpur,27,3 to 5 Year,Pre-Test,,B,B, A,C, A,B,B, A,B,C,1,1,0,0,1,1,1,1,0,0,6,60%
OD-Jul2_0073.jpg,July,Odisha,Sambalpur,27,More than 5 Years,Pre-Test,,B,D,C,D, A,B,B,C,B,D,1,0,1,0,1,1,1,0,0,1,6,60%
OD-Jul2_0108.jpg,July,Odisha,Sambalpur,27,,Pre-Test,,,,C,B, A,B,C,,C,D,,,1,1,1,1,0,,1,1,6,60%
OD-Jul2_0109.jpg,July,Odisha,Sambalpur,27,,Pre-Test,,B,B,C,, A,B,,,,D,1,1,1,,1,1,,,,1,6,60%
OD-Jul2_0194.jpg,July,Odisha,Balangir,2 ,More than 5 Years,Pre-Test,,B,B,C,D, A,B,C,D,D,D,1,1,1,0,1,1,0,0,0,1,6,60%
OD-Jul2_0208.jpg,July,Odisha,Sambalpur,27,More than 5 Years,Pre-Test,,B,B, A,B,B, A,B, A,C,B,1,1,0,1,0,0,1,1,1,0,6,60%
OD-Jul2_0228.jpg,July,Odisha,Balangir,2 ,More than 5 Years,Pre-Test,,B,B,C,, A, A,D,,C,D,1,1,1,,1,0,0,,1,1,6,60%
OD-Jul2_0239.jpg,July,Odisha,Balangir,2,More than 5 Years,Pre-Test,, A,B,C,D, A,B,C, A,C,B,0,1,1,0,1,1,0,1,1,0,6,60%
JH-Aug-1_0032.jpg,August,Jharkhand,Giridih,38 ,More than 5 Years,Pre-Test,,A,B,C,A,B,B,B,,,,0,1,1,0,0,1,1,,,,4,40%
JH-Aug-1_0060.jpg,July,Jharkhand,Bokaro,31 ,,Pre-Test,,B,A,C,C,A,B,B,D,B,D,1,0,1,0,1,1,1,0,0,1,6,60%
JH-Aug-1_0080.jpg,July,Jharkhand,Bokaro,31 ,More than 5 Years,Pre-Test,,B,A,C,C,A,B,B,D,B,D,1,0,1,0,1,1,1,0,0,1,6,60%
JH-Aug-1_0089.jpg,July,Jharkhand,Bokaro,31 ,More than 5 Years,Pre-Test,,A,B,A,C,B,B,B,D,C,A,0,1,0,0,0,1,1,0,1,0,4,40%
JH-Aug-1_0099.jpg,August,Jharkhand,Bokaro,31 ,,Pre-Test,,B,B,A,C,A,B,B,D,B,D,1,1,0,0,1,1,1,0,0,1,6,60%
JH-Aug-1_0269.jpg,July,Jharkhand,Hazaribagh,41 ,Less than 1 Year,Pre-Test,,A,B,B,A,A,B,B,C,B,D,0,1,0,0,1,1,1,0,0,1,5,50%
JH-Aug-1_0270.jpg,July,Jharkhand,Hazaribagh,41 ,,Pre-Test,,B,B,B,A,A,B,B,D,B,D,1,1,0,0,1,1,1,0,0,1,6,60%
JH-Aug-1_0272.jpg,July,Jharkhand,Hazaribagh,41 ,,Pre-Test,,B,D,C,D,A,B,B,D,B,D,1,0,1,0,1,1,1,0,0,1,6,60%
JH-Aug-1_0329.jpg,July,Jharkhand,Dhanbad,34 ,,Pre-Test,,A,D,A,C,A,B,A,A,C,D,0,0,0,0,1,1,0,1,1,1,5,50%
JH-Aug-1_0330.jpg,July,Jharkhand,Dhanbad,34 ,3 to 5 Year,Pre-Test,,B,D,C,C,A,B,B,B,B,D,1,0,1,0,1,1,1,0,0,1,6,60%
JH-Aug-1_0331.jpg,July,Jharkhand,Dhanbad,34 ,,Pre-Test,,B,D,C,B,A,A,B,B,B,D,1,0,1,1,1,0,1,0,0,1,6,60%
JH-Aug-1_0335.jpg,July,Jharkhand,Dhanbad,34 ,More than 5 Years,Pre-Test,,B,D,C,B,,B,C,A,C,C,1,0,1,1,,1,0,1,1,0,6,60%
JH-Aug-1_0336.jpg,August,Jharkhand,Hazaribagh,41 ,3 to 5 Year,Pre-Test,,B,A,C,B,A,A,C,C,C,D,1,0,1,1,1,0,0,0,1,1,6,60%
JH-Aug-1_0409.jpg,August,Jharkhand,Giridih,38 ,,Pre-Test,,B,B,C,B,A,B,,,,,1,1,1,1,1,1,,,,,6,60%
JH-Aug-1_0437.jpg,August,Jharkhand,Jamtara,42 ,,Pre-Test,,B,B,C,B,A,,,A,,B,1,1,1,1,1,,,1,,0,6,60%
JH-Aug-1_0438.jpg,August,Jharkhand,Jamtara,42 ,,Pre-Test,,B,B,C,C,A,B,C,A,B,,1,1,1,0,1,1,0,1,0,,6,60%
JH-Aug-1_0540.jpg,August,Jharkhand,Dhanbad,34 ,,Pre-Test,,B,B,C,B,B,B,B,C,,,1,1,1,1,0,1,1,0,,,6,60%
JH-Aug-1_0555.jpg,August,Jharkhand,Dhanbad,34 ,,Pre-Test,,B,C,C,C,B,B,B,C,C,A,1,0,1,0,0,1,1,0,1,0,5,50%
JH-Aug-1_0587.jpg,August,Jharkhand,Jamtara,42 ,,Pre-Test,,B,C,,C,A,B,B,A,B,D,1,0,,0,1,1,1,1,0,1,6,60%
JH-Aug-1_0613.jpg,August,Jharkhand,Jamtara,42 ,More than 5 Years,Pre-Test,,,B,A,,A,B,B,D,B,D,,1,0,,1,1,1,0,0,1,5,50%
JH-Aug-1_0621.jpg,August,Jharkhand,Jamtara,42 ,More than 5 Years,Pre-Test,,B,B,C,C,A,B,B,D,,,1,1,1,0,1,1,1,0,,,6,60%
JH-Aug-1_0631.jpg,August,Jharkhand,Jamtara,42 ,3 to 5 Year,Pre-Test,,B,,,A,A,B,B,A,B,D,1,,,0,1,1,1,1,0,1,6,60%
JH-Aug-1_0639.jpg,August,Jharkhand,Giridih,38 ,More than 5 Years,Pre-Test,,B,B,C,C,A,A,B,B,B,D,1,1,1,0,1,0,1,0,0,1,6,60%
JH-Aug-1_0644.jpg,August,Jharkhand,Giridih,38 ,Less than 1 Year,Pre-Test,,B,C,C,C,A,B,B,D,B,D,1,0,1,0,1,1,1,0,0,1,6,60%
JH-Aug-1_0671.jpg,August,Jharkhand,Giridih,38 ,Less than 1 Year,Pre-Test,,B,,C,C,A,B,B,D,B,D,1,,1,0,1,1,1,0,0,1,6,60%
JH-Aug-1_0684.jpg,August,Jharkhand,Giridih,38 ,More than 5 Years,Pre-Test,,B,C,C,C,A,B,B,D,D,D,1,0,1,0,1,1,1,0,0,1,6,60%
JH-Aug-1_0690.jpg,August,Jharkhand,Giridih,38 ,More than 5 Years,Pre-Test,,B,A,C,C,A,B,B,D,D,D,1,0,1,0,1,1,1,0,0,1,6,60%
JH-Aug-1_0700.jpg,August,Jharkhand,Giridih,38 ,More than 5 Years,Pre-Test,,B,D,C,,A,B,B,D,B,D,1,0,1,,1,1,1,0,0,1,6,60%
JH-Aug-1_0703.jpg,August,Jharkhand,Giridih,38 ,3 to 5 Year,Pre-Test,,B,,C,C,A,B,B,,B,D,1,,1,0,1,1,1,,0,1,6,60%
JH-Aug-1_0706.jpg,August,Jharkhand,Giridih,38 ,More than 5 Years,Pre-Test,,B,B,C,C,A,A,B,D,D,D,1,1,1,0,1,0,1,0,0,1,6,60%
JH-Aug-1_0708.jpg,August,Jharkhand,Giridih,38 ,More than 5 Years,Pre-Test,,B,C,C,A,A,B,B,D,A,D,1,0,1,0,1,1,1,0,0,1,6,60%
JH-Aug-1_0801.jpg,August,Jharkhand,Giridih,38 ,,Pre-Test,,B,C,C,,A,B,B,A,B,A,1,0,1,,1,1,1,1,0,0,6,60%
JH-Aug-1_0803.jpg,August,Jharkhand,Giridih,38 ,More than 5 Years,Pre-Test,,B,C,C,C,A,B,B,A,,A,1,0,1,0,1,1,1,1,,0,6,60%
JH-Aug-1_0809.jpg,August,Jharkhand,Giridih,38 ,,Pre-Test,,B,D,D,D,A,B,B,C,C,D,1,0,0,0,1,1,1,0,1,1,6,60%
JH-Aug-1_0826.jpg,August,Jharkhand,Dhanbad,34 ,More than 5 Years,Pre-Test,,B,B,C,D,A,A,A,A,B,D,1,1,1,0,1,0,0,1,0,1,6,60%
JH-Aug-1_0977.jpg,August,Jharkhand,Dhanbad,34 ,More than 5 Years,Pre-Test,,B,D,C,C,A,B,B,B,C,A,1,0,1,0,1,1,1,0,1,0,6,60%
JH-Aug-2_0026.jpg,August,Jharkhand,Dhanbad,34 ,More than 5 Years,Pre-Test,,B,C,C,B,A,A,B,A,B,A,1,0,1,1,1,0,1,1,0,0,6,60%
JH-Aug-2_0034.jpg,August,Jharkhand,Giridih,38 ,More than 5 Years,Pre-Test,,D,,C,B,A,B,B,D,A,D,0,,1,1,1,1,1,0,0,1,6,60%
JH-Aug-2_0039.jpg,August,Jharkhand,Dhanbad,34 ,More than 5 Years,Pre-Test,,B,B,C,,A,B,D,C,C,A,1,1,1,,1,1,0,0,1,0,6,60%
JH-Aug-2_0046.jpg,August,Jharkhand,Dhanbad,34 ,,Pre-Test,,B,B,C,B,A,A,,A,,,1,1,1,1,1,0,,1,,,6,60%
OD-Jul2_0084.jpg,July,Odisha,Sambalpur,27,More than 5 Years,Pre-Test,,B,,C,D, A,B,B,C,C,D,1,,1,0,1,1,1,0,1,1,7,70%
OD-Jul2_0116.jpg,July,Odisha,Sambalpur,27,,Pre-Test,,B,B,C,D,B,B,B, A,C,B,1,1,1,0,0,1,1,1,1,0,7,70%
OD-Jul2_0145.jpg,July,Odisha,Balangir,2 ,1 to 3 Year,Pre-Test,,B,B,C,B, A,B,,D,D,D,1,1,1,1,1,1,,0,0,1,7,70%
OD-Jul2_0195.jpg,July,Odisha,Balangir,2 ,1 to 3 Year,Pre-Test,,B,B,C,B, A,B,C,D,D,D,1,1,1,1,1,1,0,0,0,1,7,70%
OD-Jul2_0218.jpg,July,Odisha,Balangir,2,,Pre-Test,,B,C,B,C, A,B,B, A,C,D,1,0,0,0,1,1,1,1,1,1,7,70%
JH-Aug-1_0274.jpg,July,Jharkhand,Hazaribagh,41 ,,Pre-Test,,B,B,A,B,A,B,B,C,A,D,1,1,0,1,1,1,1,0,0,1,7,70%
JH-Aug-1_0592.jpg,August,Jharkhand,Jamtara,42 ,More than 5 Years,Pre-Test,,B,B,C,C,A,B,B,D,B,C,1,1,1,0,1,1,1,0,0,0,6,60%
JH-Aug-1_0595.jpg,August,Jharkhand,Jamtara,42 ,,Pre-Test,,A,A,C,C,B,B,C,D,B,D,0,0,1,0,0,1,0,0,0,1,3,30%
JH-Aug-1_0608.jpg,August,Jharkhand,Jamtara,42 ,,Pre-Test,,A,A,C,C,A,D,B,A,B,D,0,0,1,0,1,0,1,1,0,1,5,50%
JH-Aug-1_0619.jpg,August,Jharkhand,Dhanbad,34 ,,Pre-Test,,B,A,C,C,B,B,C,A,B,D,1,0,1,0,0,1,0,1,0,1,5,50%
JH-Aug-1_0635.jpg,August,Jharkhand,Giridih,38 ,3 to 5 Year,Pre-Test,,B,D,C,A,A,B,B,A,B,A,1,0,1,0,1,1,1,1,0,0,6,60%
JH-Aug-1_0637.jpg,August,Jharkhand,Giridih,38 ,More than 5 Years,Pre-Test,,A,B,C,C,A,D,B,B,B,D,0,1,1,0,1,0,1,0,0,1,5,50%
JH-Aug-1_0638.jpg,August,Jharkhand,Giridih,38 ,More than 5 Years,Pre-Test,,A,B,C,C,B,B,B,B,B,D,0,1,1,0,0,1,1,0,0,1,5,50%
JH-Aug-1_0640.jpg,August,Jharkhand,Giridih,38 ,,Pre-Test,,A,B,C,C,A,B,D,B,B,A,0,1,1,0,1,1,0,0,0,0,4,40%
JH-Aug-1_0641.jpg,August,Jharkhand,Giridih,38 ,More than 5 Years,Pre-Test,,B,A,C,C,B,D,B,B,B,B,1,0,1,0,0,0,1,0,0,0,3,30%
JH-Aug-1_0642.jpg,August,Jharkhand,Giridih,38 ,Less than 1 Year,Pre-Test,,B,A,A,C,A,B,D,B,B,D,1,0,0,0,1,1,0,0,0,1,4,40%
JH-Aug-1_0705.jpg,August,Jharkhand,Giridih,38 ,More than 5 Years,Pre-Test,,A,C,C,C,A,B,D,D,C,D,0,0,1,0,1,1,0,0,1,1,5,50%
JH-Aug-1_0808.jpg,August,Jharkhand,Giridih,38 ,3 to 5 Year,Pre-Test,,A,A,C,C,B,B,B,C,C,D,0,0,1,0,0,1,1,0,1,1,5,50%
JH-Aug-1_0894.jpg,August,Jharkhand,Dhanbad,34 ,More than 5 Years,Pre-Test,,A,A,C,B,A,D,B,A,B,A,0,0,1,1,1,0,1,1,0,0,5,50%
OD-AUG2_0081.jpg,August,Odisha,Balangir,2 ,More than 5 Years,Pre-Test,,B,B,C,B, A,B,B, A,,,1,1,1,1,1,1,1,1,,,8,80%
OD-Jul2_0102.jpg,July,Odisha,Sambalpur,27,3 to 5 Year,Pre-Test,,B,B,C,, A,,B, A,C,D,1,1,1,,1,,1,1,1,1,8,80%
OD-Jul2_0113.jpg,July,Odisha,Balangir,2 ,,Pre-Test,,B,B,C, A, A, A,B, A,C,D,1,1,1,0,1,0,1,1,1,1,8,80%
OD-Jul2_0153.jpg,July,Odisha,Sambalpur,27,3 to 5 Year,Pre-Test,,B,B,D,B, A,B,B, A,C,B,1,1,0,1,1,1,1,1,1,0,8,80%
OD-Jul2_0171.jpg,July,Odisha,Balangir,2 ,More than 5 Years,Pre-Test,,B,B,C,B, A,,, A,C,D,1,1,1,1,1,,,1,1,1,8,80%
OD-Jul3_0011.jpg,July,Odisha,Balangir,2,,Pre-Test,,B,B,C,B,,B,B, A,B,D,1,1,1,1,,1,1,1,0,1,8,80%